v /VOUT; pac dB20(V) (harmonic=-7) X,v /VOUT; pac dB20(V) (harmonic=-7) Y,v /VOUT; pac dB20(V) (harmonic=-6) X,v /VOUT; pac dB20(V) (harmonic=-6) Y,v /VOUT; pac dB20(V) (harmonic=-5) X,v /VOUT; pac dB20(V) (harmonic=-5) Y,v /VOUT; pac dB20(V) (harmonic=-4) X,v /VOUT; pac dB20(V) (harmonic=-4) Y,v /VOUT; pac dB20(V) (harmonic=-3) X,v /VOUT; pac dB20(V) (harmonic=-3) Y,v /VOUT; pac dB20(V) (harmonic=-2) X,v /VOUT; pac dB20(V) (harmonic=-2) Y,v /VOUT; pac dB20(V) (harmonic=-1) X,v /VOUT; pac dB20(V) (harmonic=-1) Y,v /VOUT; pac dB20(V) (harmonic=0) X,v /VOUT; pac dB20(V) (harmonic=0) Y,v /VOUT; pac dB20(V) (harmonic=1) X,v /VOUT; pac dB20(V) (harmonic=1) Y,v /VOUT; pac dB20(V) (harmonic=2) X,v /VOUT; pac dB20(V) (harmonic=2) Y,v /VOUT; pac dB20(V) (harmonic=3) X,v /VOUT; pac dB20(V) (harmonic=3) Y,v /VOUT; pac dB20(V) (harmonic=4) X,v /VOUT; pac dB20(V) (harmonic=4) Y,v /VOUT; pac dB20(V) (harmonic=5) X,v /VOUT; pac dB20(V) (harmonic=5) Y,v /VOUT; pac dB20(V) (harmonic=6) X,v /VOUT; pac dB20(V) (harmonic=6) Y,v /VOUT; pac dB20(V) (harmonic=7) X,v /VOUT; pac dB20(V) (harmonic=7) Y,OUT (harmonic=-7) X,OUT (harmonic=-7) Y,OUT (harmonic=-6) X,OUT (harmonic=-6) Y,OUT (harmonic=-5) X,OUT (harmonic=-5) Y,OUT (harmonic=-4) X,OUT (harmonic=-4) Y,OUT (harmonic=-3) X,OUT (harmonic=-3) Y,OUT (harmonic=-2) X,OUT (harmonic=-2) Y,OUT (harmonic=-1) X,OUT (harmonic=-1) Y,OUT (harmonic=0) X,OUT (harmonic=0) Y,OUT (harmonic=1) X,OUT (harmonic=1) Y,OUT (harmonic=2) X,OUT (harmonic=2) Y,OUT (harmonic=3) X,OUT (harmonic=3) Y,OUT (harmonic=4) X,OUT (harmonic=4) Y,OUT (harmonic=5) X,OUT (harmonic=5) Y,OUT (harmonic=6) X,OUT (harmonic=6) Y,OUT (harmonic=7) X,OUT (harmonic=7) Y
699998.9999999999,-73.91308049856592,599998.9999999999,-75.52426705702899,499998.9999999999,-66.61701723219286,399998.9999999999,-65.9798929169464,299998.9999999999,-54.60913411794984,199999,-50.93992186689636,99998.99999999999,-37.18206160209473,1,5.519892875335049,100001,-37.17403337050499,200001,-50.93820825159445,300000.9999999999,-54.60570767718762,400000.9999999999,-65.9754738015754,500000.9999999999,-66.619421874624,600000.9999999999,-75.45921158026775,700000.9999999999,-73.90890936595882,699998.9999999999,-53.23367488502197,599998.9999999999,-54.261943244524,499998.9999999999,-46.37271828431655,399998.9999999999,-45.79479194129425,299998.9999999999,-33.86450873663426,199999,-30.15350038005103,99998.99999999999,-16.29664749040575,1,20.27833574161553,100001,-16.24648975484025,200001,-30.02912592811476,300000.9999999999,-33.6867545537227,400000.9999999999,-45.33920979354343,500000.9999999999,-45.89106189405608,600000.9999999999,-53.73457111998923,700000.9999999999,-52.60218407445298
699998.741074588,-73.92156687540974,599998.741074588,-75.54029475317736,499998.7410745881,-66.61987822275849,399998.7410745881,-65.98291622766592,299998.7410745881,-54.61027005693067,199998.7410745882,-50.94037738510082,99998.74107458819,-37.18309697061847,1.258925411794167,5.519895887906507,100001.2589254118,-37.17300849968558,200001.2589254118,-50.93822559653795,300001.2589254117,-54.60558832499059,400001.2589254117,-65.97553588801345,500001.2589254117,-66.61961089796388,600001.2589254117,-75.45591474800486,700001.2589254117,-73.90911269308714,699998.741074588,-53.22523427173364,599998.741074588,-54.22044266939744,499998.7410745881,-46.40859435963733,399998.7410745881,-45.82993069266087,299998.7410745881,-33.87875847731567,199998.7410745882,-30.16343000765183,99998.74107458819,-16.30051378948697,1.258925411794167,21.70274619076726,100001.2589254118,-16.2439485578454,200001.2589254118,-30.02585676623553,300001.2589254117,-33.68154920856561,400001.2589254117,-45.32316606247582,500001.2589254117,-45.87282247383177,600001.2589254117,-53.63617913733965,700001.2589254117,-52.52759811123546
699998.4151068074,-73.93349569857931,599998.4151068074,-75.56045193568053,499998.4151068075,-66.62408506599378,399998.4151068075,-65.98697984131253,299998.4151068075,-54.61173226032947,199998.4151068075,-50.94092186729773,99998.41510680753,-37.18439432444315,1.584893192461114,5.519899904102981,100001.5848931924,-37.17172067247711,200001.5848931924,-50.93822099803599,300001.5848931924,-54.60530063735204,400001.5848931924,-65.97503314215955,500001.5848931924,-66.61893374873092,600001.5848931924,-75.45059059622717,700001.5848931924,-73.90727538310945,699998.4151068074,-53.1970302691196,599998.4151068074,-54.15941402524293,499998.4151068075,-46.43568350837398,399998.4151068075,-45.85696724690813,299998.4151068075,-33.88999194390879,199998.4151068075,-30.17115043899405,99998.41510680753,-16.30379230180178,1.584893192461114,22.92279096910299,100001.5848931924,-16.24219239024527,200001.5848931924,-30.02575594227838,300001.5848931924,-33.68061007586813,400001.5848931924,-45.31700410558699,500001.5848931924,-45.86477188620863,600001.5848931924,-53.53629048206785,700001.5848931924,-52.45812594058428
699998.004737685,-73.94919285248464,599998.004737685,-75.58493481305119,499998.004737685,-66.62978550484488,399998.004737685,-65.99213638234173,299998.004737685,-54.61353285693016,199998.004737685,-50.94154119049946,99998.00473768501,-37.18601960696049,1.99526231496888,5.519905163252084,100001.995262315,-37.17010011767339,200001.9952623149,-50.93815168157681,300001.9952623149,-54.60472457648443,400001.9952623149,-65.97358130602265,500001.9952623149,-66.61692677610118,600001.9952623148,-75.44180484977215,700001.9952623148,-73.90220744612529,699998.004737685,-53.15054017032602,599998.004737685,-54.08475484580531,499998.004737685,-46.4499232984421,399998.004737685,-45.8719173391722,299998.004737685,-33.89660698832187,199998.004737685,-30.17549208645227,99998.00473768501,-16.30619857745893,1.99526231496888,23.91723257922999,100001.995262315,-16.24136626951758,200001.9952623149,-30.02928865313412,300001.9952623149,-33.68457711093733,400001.9952623149,-45.32247329743123,500001.9952623149,-45.86886668388231,600001.9952623148,-53.4435379321135,700001.9952623148,-52.40057495161253
699997.4881135684,-73.96868831466608,599997.4881135684,-75.61387907765864,499997.4881135685,-66.63698878604794,399997.4881135685,-65.9983552962299,299997.4881135685,-54.61566824386448,199997.4881135685,-50.94221777699816,99997.48811356847,-37.18805654271805,2.511886431509581,5.519912111096192,100002.5118864315,-37.16805766706521,200002.5118864315,-50.93796339264447,300002.5118864314,-54.60373092665989,400002.5118864314,-65.97080156707533,500002.5118864314,-66.61319516015942,600002.5118864314,-75.42791775609035,700002.5118864314,-73.89283391799337,699997.4881135684,-53.09272257915353,599997.4881135684,-54.00702141282109,499997.4881135685,-46.45058100646514,399997.4881135685,-45.87389579533532,299997.4881135685,-33.89813634680824,199997.4881135685,-30.17607805604793,99997.48811356847,-16.30774442969557,2.511886431509581,24.68663405743052,100002.5118864315,-16.24129374906687,200002.5118864315,-30.03601920725976,300002.5118864314,-33.69283852003617,400002.5118864314,-45.33834910900123,500002.5118864314,-45.88396819700485,600002.5118864314,-53.36438657218467,700002.5118864314,-52.35868576722757
699996.8377223397,-73.99194717339662,599996.8377223397,-75.64770452277388,499996.8377223398,-66.64564757191766,399996.8377223398,-66.00560243462228,299996.8377223398,-54.61814567158278,199996.8377223398,-50.94294173136838,99996.83772233981,-37.1906112450523,3.16227766016838,5.519921625646668,100003.1622776602,-37.16548018846139,200003.1622776601,-50.93759959326935,300003.1622776601,-54.60220073286611,400003.1622776601,-65.96638000769181,500003.1622776601,-66.6074702255648,600003.1622776601,-75.40733505487407,700003.1622776601,-73.87836637680108,699996.8377223397,-53.03341333927162,599996.8377223397,-53.93758465200847,499996.8377223398,-46.44064777895566,399996.8377223398,-45.86555620516592,299996.8377223398,-33.89545040718603,199996.8377223398,-30.17347024607379,99996.83772233981,-16.30876867370541,3.16227766016838,25.25314893126286,100003.1622776602,-16.24150567950299,200003.1622776601,-30.04476184261224,300003.1622776601,-33.70372760386965,400003.1622776601,-45.36077214857352,500003.1622776601,-45.90614788795928,600003.1622776601,-53.30061960874318,700003.1622776601,-52.3316715068278
699996.0189282943,-74.01919832207187,599996.0189282943,-75.68742689657681,499996.0189282944,-66.65578929057672,399996.0189282944,-66.01393436774467,299996.0189282944,-54.62100969860506,199996.0189282944,-50.94371718673641,99996.01892829445,-37.19381724602432,3.981071705534974,5.519935296450535,100003.9810717055,-37.16222488327767,200003.9810717055,-50.93700561319938,300003.9810717055,-54.60002651056891,400003.9810717055,-65.9600558316416,500003.9810717055,-66.59956333626684,600003.9810717055,-75.37858757667692,700003.9810717055,-73.85823004225034,699996.0189282943,-52.98165173592864,599996.0189282943,-53.88505316442541,499996.0189282944,-46.42526112332615,399996.0189282944,-45.85164759501103,299996.0189282944,-33.89025605942532,199996.0189282944,-30.16881713346317,99996.01892829445,-16.3098096391349,3.981071705534974,25.65279969112765,100003.9810717055,-16.24140110896942,200003.9810717055,-30.05409054539647,300003.9810717055,-33.7152210967932,400003.9810717055,-45.38482563156158,500003.9810717055,-45.93030997405997,600003.9810717055,-53.24932741729903,700003.9810717055,-52.31506167035086
699994.9881276636,-74.05116464291415,599994.9881276636,-75.73480105239854,499994.9881276637,-66.66761270362468,399994.9881276637,-66.02354985581621,299994.9881276637,-54.6243540665461,199994.9881276637,-50.94456005842179,99994.98812766372,-37.19784135969709,5.011872336272725,5.519955780622475,100005.0118723363,-37.15811154567159,200005.0118723362,-50.93612361823571,300005.0118723362,-54.59709436581392,400005.0118723362,-65.95154892931647,500005.0118723362,-66.58925631428806,600005.0118723362,-75.34019108623249,700005.0118723362,-73.83182066722298,699994.9881276636,-52.94356873055094,599994.9881276636,-53.85417261260108,499994.9881276637,-46.40961557898144,399994.9881276637,-45.83703522847756,299994.9881276637,-33.88436315871748,199994.9881276637,-30.16333219379103,99994.98812766372,-16.31143729270822,5.011872336272725,25.92531247633946,100005.0118723363,-16.24040672911894,200005.0118723362,-30.06281157419015,300005.0118723362,-33.72559528842449,400005.0118723362,-45.40611487183146,500005.0118723362,-45.95185402314354,600005.0118723362,-53.20477947122846,700005.0118723362,-52.30280261578751
699993.6904265551,-74.08914195526845,599993.6904265551,-75.79234461208949,499993.6904265551,-66.68151932237726,399993.6904265551,-66.03479008338668,299993.6904265551,-54.62831997062889,199993.6904265552,-50.94548994219195,99993.69042655519,-37.20289095488101,6.309573444801935,5.519987336689775,100006.3095734448,-37.15291203129807,200006.3095734448,-50.93488081069538,300006.3095734448,-54.59325875136476,400006.3095734448,-65.94047323861973,500006.3095734448,-66.57619811101904,600006.3095734447,-75.29040565725451,700006.3095734447,-73.7982601084297,699993.6904265551,-52.92241943791615,599993.6904265551,-53.84685816598114,499993.6904265551,-46.3977387661852,399993.6904265551,-45.82550251176347,299993.6904265551,-33.87921168675497,199993.6904265552,-30.15795086111953,99993.69042655519,-16.31415584945669,6.309573444801935,26.10651011823819,100006.3095734448,-16.23804280379026,200006.3095734448,-30.07015179668229,300006.3095734448,-33.73369441011164,400006.3095734448,-45.42148382151365,500006.3095734448,-45.9674586035493,600006.3095734447,-53.1604529939733,700006.3095734447,-52.28902409993832
699992.0567176526,-74.13500568296209,599992.0567176526,-75.86337002837948,499992.0567176527,-66.69810593667955,399992.0567176527,-66.04811408039124,299992.0567176527,-54.63308986500361,199992.0567176527,-50.94651985828514,99992.05671765274,-37.20922296925593,7.943282347242818,5.520036692737039,100007.9432823472,-37.14633629085286,200007.9432823472,-50.93317437120804,300007.9432823472,-54.58831886998696,400007.9432823472,-65.92626382482572,500007.9432823472,-66.55983726697734,600007.9432823472,-75.227016005024,700007.9432823472,-73.7562373465494,699992.0567176526,-52.91971967991085,599992.0567176526,-53.86387740639884,499992.0567176527,-46.39232129774119,399992.0567176527,-45.81954218905541,299992.0567176527,-33.87576291351942,199992.0567176527,-30.1532413145659,99992.05671765274,-16.31839396469915,7.943282347242818,26.2248825395293,100007.9432823472,-16.2339018008885,200007.9432823472,-30.07570260931573,300007.9432823472,-33.73886072241174,400007.9432823472,-45.42891271657918,500007.9432823472,-45.97501115108855,600007.9432823472,-53.11018932874434,700007.9432823472,-52.26879901887955
699989.9999999999,-74.19123673651859,599989.9999999999,-75.95211276326896,499989.9999999999,-66.71815297714409,399989.9999999999,-66.06407184336601,299989.9999999999,-54.63888307106298,199990,-50.94764435791568,99989.99999999999,-37.21715470318694,10.00000000000001,5.520114458292844,100010,-37.13801407733799,200010,-50.9308535172884,300009.9999999999,-54.58199725442321,400009.9999999999,-65.90811443289964,500009.9999999999,-66.53937837309286,600009.9999999999,-75.14717032722405,700009.9999999999,-73.70392119896877,699989.9999999999,-52.93645165251124,599989.9999999999,-53.90622202295723,499989.9999999999,-46.39510295684175,399989.9999999999,-45.8206788606719,299989.9999999999,-33.87460161403656,199990,-30.14946209722358,99989.99999999999,-16.32454346123718,10.00000000000001,26.30131063413051,100010,-16.22758739628332,200010,-30.07926667686521,300009.9999999999,-33.74072883430559,400009.9999999999,-45.42704630777891,500009.9999999999,-45.9731461181328,600009.9999999999,-53.04846316068912,700009.9999999999,-52.23811056844865
699987.410745882,-74.26101475467404,599987.410745882,-76.06399165704963,499987.410745882,-66.74262535293136,399987.410745882,-66.08327920869917,299987.410745882,-54.64595390667101,199987.410745882,-50.94882333793755,99987.41074588205,-37.22707621943814,12.58925411794168,5.520237385822094,100012.5892541179,-37.12747091763996,200012.5892541179,-50.92769585018458,300012.5892541179,-54.57391617191832,400012.5892541179,-65.88490814645237,500012.5892541179,-66.51373955606309,600012.5892541178,-75.04726069043778,700012.5892541178,-73.63889929127106,699987.410745882,-52.97393693449016,599987.410745882,-53.97598387761242,499987.410745882,-46.40736051750614,399987.410745882,-45.82988692904546,299987.410745882,-33.8760890002365,199987.410745882,-30.14665172386485,99987.41074588205,-16.33300910975168,12.58925411794168,26.35030728192739,100012.5892541179,-16.21864811159463,200012.5892541179,-30.08070677806015,300012.5892541179,-33.73902443816593,400012.5892541179,-45.41469296254771,500012.5892541179,-45.9607517187353,600012.5892541178,-52.97015496175135,700012.5892541178,-52.19346692438532
699984.1510680753,-74.34839646309348,599984.1510680753,-76.20602689430926,499984.1510680753,-66.77268631448186,399984.1510680753,-66.1063845503722,299984.1510680753,-54.65458969080096,199984.1510680754,-50.94995678524124,99984.15106807537,-37.23946390151065,15.84893192461115,5.520431959886194,100015.8489319246,-37.11409625250356,200015.8489319246,-50.92337300661971,300015.8489319246,-54.5635664283801,400015.8489319246,-65.85512301778908,500015.8489319246,-66.48149362944579,600015.8489319244,-74.9228209583151,700015.8489319244,-73.55811092732894,699984.1510680753,-53.03440004573861,599984.1510680753,-54.07691587235703,499984.1510680753,-46.4302986502627,399984.1510680753,-45.84790164585152,299984.1510680753,-33.88048709994328,199984.1510680754,-30.14469080364987,99984.15106807537,-16.34425191472835,15.84893192461115,26.3816245037102,100015.8489319246,-16.20651606546105,200015.8489319246,-30.07982502137406,300015.8489319246,-33.73341117032034,400015.8489319246,-45.39041506589946,500015.8489319246,-45.93658061362122,600015.8489319244,-52.87015947057021,700015.8489319244,-52.13145759926984
699980.0473768502,-74.45859337181003,599980.0473768502,-76.38746687004834,499980.0473768503,-66.80971714457729,399980.0473768503,-66.13400843814421,299980.0473768503,-54.66510433860117,199980.0473768503,-50.95084352957027,99980.0473768503,-37.25489419020152,19.95262314968881,5.520740069837071,100019.9526231497,-37.09710075252712,200019.9526231497,-50.91739854263353,300019.9526231496,-54.55026296164672,400019.9526231496,-65.81669605890227,500019.9526231496,-66.44078199452024,600019.9526231496,-74.76843147177053,700019.9526231496,-73.45776115942913,699980.0473768502,-53.1213740839254,599980.0473768502,-54.214909779257,499980.0473768503,-46.46531320585198,399980.0473768503,-45.87537522500526,299980.0473768503,-33.88803495989812,199980.0473768503,-30.1433178676259,99980.0473768503,-16.35882193541962,19.95262314968881,26.40168505321751,100019.9526231497,-16.19044748086591,200019.9526231497,-30.07626179467512,300019.9526231496,-33.72337672302146,400019.9526231496,-45.3522003976978,500019.9526231496,-45.89896395360162,600019.9526231496,-52.74300018535772,700019.9526231496,-52.04836871069777
699974.8811356848,-74.59837752822554,599974.8811356848,-76.62073013076224,499974.8811356848,-66.85533131837867,399974.8811356848,-66.16662746752914,299974.8811356848,-54.67782157622636,199974.8811356849,-50.95111372930083,99974.88113568489,-37.27405550901418,25.11886431509582,5.521227952157592,100025.1188643151,-37.07545858245459,200025.1188643151,-50.90904783885091,300025.118864315,-54.53308058243459,400025.118864315,-65.76682800224418,500025.118864315,-66.38919272136616,600025.118864315,-74.57763424294033,700025.118864315,-73.33321606256214,699974.8811356848,-53.24009404165331,599974.8811356848,-54.39858254816316,499974.8811356848,-46.51415284940261,399974.8811356848,-45.91287638883636,299974.8811356848,-33.89897946130721,199974.8811356849,-30.14209393875236,99974.88113568489,-16.37738103320983,25.11886431509582,26.41468225814883,100025.1188643151,-16.16945667691303,200025.1188643151,-30.06939107774519,300025.118864315,-33.70813396958263,400025.118864315,-45.29716179771333,500025.118864315,-45.84558411547789,600025.118864315,-52.58250937775245,700025.118864315,-51.93987638646902
699968.3772233982,-74.77667177108353,599968.3772233982,-76.92286636483327,499968.3772233982,-66.91136585257192,399968.3772233982,-66.20435682690847,299968.3772233982,-54.69303876227696,199968.3772233983,-50.95011929391305,99968.3772233983,-37.29775458840058,31.62277660168382,5.522000242492147,100031.6227766017,-37.04782864841685,200031.6227766017,-50.89723483256471,300031.6227766016,-54.51076082522074,400031.6227766016,-65.70170790968211,500031.6227766016,-66.3235934076346,600031.6227766016,-74.34287328413559,700031.6227766016,-73.17888596981034,699968.3772233982,-53.3979984306259,599968.3772233982,-54.64014202396912,499968.3772233982,-46.5790034822374,399968.3772233982,-45.96071602959498,299968.3772233982,-33.91356423426484,199968.3772233983,-30.14030819276941,99968.3772233983,-16.40071486457023,31.62277660168382,26.42336596529929,100031.6227766017,-16.14223390228056,200031.6227766017,-30.05818551790727,300031.6227766016,-33.6865124758602,400031.6227766016,-45.22121141949222,500031.6227766016,-45.77326074740152,600031.6227766016,-52.38158664210796,700031.6227766016,-51.80080430702114
699960.1892829445,-75.00542760471245,599960.1892829445,-77.31793048993848,499960.1892829446,-66.97982053278753,399960.1892829446,-66.24655756856458,299960.1892829446,-54.71095686816335,199960.1892829446,-50.94675778026095,99960.18928294463,-37.32691028641388,39.81071705534977,5.523221946983789,100039.8107170553,-37.0124464672416,200039.8107170553,-50.88032287531433,300039.8107170553,-54.48157697665025,400039.8107170553,-65.61613340902849,500039.8107170553,-66.23990736543901,600039.8107170552,-74.05548204148025,700039.8107170552,-72.9881077150792,699960.1892829445,-53.60546056115485,599960.1892829445,-54.956739572872,499960.1892829446,-46.66249552496157,399960.1892829446,-46.0185339949298,299960.1892829446,-33.93197167679674,199960.1892829446,-30.13680624690473,99960.18928294463,-16.42972958146549,39.81071705534977,26.42958684303454,100039.8107170553,-16.1070362435258,200039.8107170553,-30.04102118588207,300039.8107170553,-33.65681738103055,400039.8107170553,-45.11866767253956,500039.8107170553,-45.67771584499746,600039.8107170552,-52.13203965788377,700039.8107170552,-51.62492968235379
699949.8812766372,-75.30097870153865,599949.8812766372,-77.8410722509082,499949.8812766372,-67.0626922156213,399949.8812766372,-66.29114834010421,299949.8812766372,-54.73155304972367,199949.8812766373,-50.93919235188515,99949.88127663726,-37.36252270131389,50.11872336272729,5.525152514202516,100050.1187233627,-36.96697513752662,200050.1187233627,-50.85583642459259,300050.1187233627,-54.44313886617947,400050.1187233627,-65.50300351463389,500050.1187233627,-66.1328203600805,600050.1187233626,-73.70574363011239,700050.1187233626,-72.7530407078052,699949.8812766372,-53.87691524792643,599949.8812766372,-55.37263278629601,499949.8812766372,-46.7675958555855,399949.8812766372,-46.08450789927702,299949.8812766372,-33.95419998085745,199949.8812766373,-30.12970668370903,99949.88127663726,-16.46542252930651,50.11872336272729,26.43467460870285,100050.1187233627,-16.06153876057833,200050.1187233627,-30.01538465949865,300050.1187233627,-33.61663176916171,400050.1187233627,-44.9817707149796,500050.1187233627,-45.5532954722657,600050.1187233626,-51.82451633267762,700050.1187233626,-51.40483099035107
699936.9042655518,-75.68622633057464,599936.9042655518,-78.54611239218575,499936.9042655519,-67.16160745037956,399936.9042655519,-66.33343361457625,299936.9042655519,-54.75435756452498,199936.9042655519,-50.92441228476797,99936.90426555196,-37.40559645729378,63.0957344480194,5.528197947492146,100063.095734448,-36.90830010931314,200063.095734448,-50.82002672498827,300063.0957344479,-54.39211212100678,400063.0957344479,-65.35267493362497,500063.0957344479,-65.99540713704839,600063.0957344479,-73.28304798745015,700063.0957344479,-72.46459516922017,699936.9042655518,-54.23266040106859,599936.9042655518,-55.92271399387606,499936.9042655519,-46.89728465128307,399936.9042655519,-46.15393846454733,299936.9042655519,-33.97983892277314,199936.9042655519,-30.11595060574613,99936.90426555196,-16.5088066729384,63.0957344480194,26.43971323329581,100063.095734448,-16.00262993261859,200063.095734448,-29.97743392076796,300063.0957344479,-33.5625349544807,400063.0957344479,-44.80011223038857,500063.0957344479,-45.39263824795675,600063.0957344479,-51.44854499368436,700063.0957344479,-51.13178139435851
699920.5671765275,-76.19437451791177,599920.5671765275,-79.52095753096904,499920.5671765275,-67.27707673200055,399920.5671765275,-66.36418046179531,299920.5671765275,-54.77807412674592,199920.5671765275,-50.8975561861219,99920.56717652756,-37.45698231402359,79.43282347242825,5.532988631162008,100079.4328234724,-36.83224889964671,200079.4328234724,-50.76723059714438,300079.4328234724,-54.32381954106626,400079.4328234724,-65.1522138168539,500079.4328234724,-65.81867678171935,600079.4328234723,-72.77616051889522,700079.4328234723,-72.11241319162355,699920.5671765275,-54.70185979518673,599920.5671765275,-56.65834814947991,499920.5671765275,-47.05380704768498,399920.5671765275,-46.21683282194746,299920.5671765275,-34.00768227048229,199920.5671765275,-30.09060429571453,99920.56717652756,-16.5607533052686,79.43282347242825,26.4457619304826,100079.4328234724,-15.9261323978719,200079.4328234724,-29.92135264164546,300079.4328234724,-33.48970439874239,400079.4328234724,-44.56004023566841,500079.4328234724,-45.18629833195536,600079.4328234723,-50.99270138185791,700079.4328234723,-50.79570035650015
699899.9999999999,-76.87578029405367,599899.9999999999,-80.92322262909575,499899.9999999999,-67.40705410622672,399899.9999999999,-66.36664142550512,299899.9999999999,-54.79995014866068,199900,-50.85090066105388,99899.99999999999,-37.51707763233311,100.0000000000001,5.540490602814874,100100,-36.73321634704324,200100,-50.68895577893371,300099.9999999999,-54.23168916018525,400099.9999999999,-64.88466331166525,500099.9999999999,-65.59106115451668,600099.9999999999,-72.17359797291925,700099.9999999999,-71.68492345242495,699899.9999999999,-55.32781451246557,599899.9999999999,-57.65677404538028,499899.9999999999,-47.23708339904667,399899.9999999999,-46.25402257424543,299899.9999999999,-34.03507806344299,199900,-30.04581353416773,99899.99999999999,-16.62169358755087,100.0000000000001,26.45405772181237,100100,-15.82642973035348,200100,-29.83843457856074,300099.9999999999,-33.3913681533007,400099.9999999999,-44.24419332868219,500099.9999999999,-44.92236020758084,600099.9999999999,-50.44491338517251,700099.9999999999,-50.38518139759005
699874.1074588205,-77.81169697865379,599874.1074588205,-83.07944716048114,499874.1074588205,-67.54426410511184,399874.1074588205,-66.31242328385903,299874.1074588205,-54.81476321495244,199874.1074588206,-50.77242433262938,99874.10745882057,-37.58529064417465,125.8925411794169,5.552151177172925,100125.8925411794,-36.60368601387886,200125.8925411794,-50.57265266994237,300125.8925411794,-54.10652556174333,400125.8925411794,-64.52859983454624,500125.8925411794,-65.29792311719294,600125.8925411793,-71.46408369028472,700125.8925411793,-71.16949006514464,699874.1074588205,-56.17782123671886,599874.1074588205,-59.03280659899424,499874.1074588205,-47.44149071693506,399874.1074588205,-46.2316096003081,299874.1074588205,-34.05687203804294,199874.1074588206,-29.96931440692781,99874.10745882057,-16.69108333446432,125.8925411794169,26.46621904552873,100125.8925411794,-15.69599028251455,200125.8925411794,-29.71586575794578,300125.8925411794,-33.25808956916944,400125.8925411794,-43.83145064237457,500125.8925411794,-44.58613250951267,600125.8925411793,-49.79289731459965,700125.8925411793,-49.88761803770265
699841.5106807537,-79.14534103786269,599841.5106807537,-86.86247119051755,499841.5106807539,-67.67149121003344,399841.5106807539,-66.15699102253599,299841.5106807539,-54.81326269355258,199841.5106807539,-50.64395295937216,99841.51068075387,-37.65912742017971,158.4893192461116,5.570050987761089,100158.4893192461,-36.43367844560929,200158.4893192461,-50.40024474293945,300158.489319246,-53.93563527075585,400158.489319246,-64.05845370456345,500158.489319246,-64.9212582045614,600158.489319246,-70.63704544699763,700158.489319246,-70.55268684585972,699841.5106807537,-57.36297946248393,599841.5106807537,-60.92228667730485,499841.5106807539,-47.64966033309356,399841.5106807539,-46.09488370357758,299841.5106807539,-34.06376323659438,199841.5106807539,-29.84250472952588,99841.51068075387,-16.76648829811962,158.4893192461116,26.48443453315357,100158.4893192461,-15.52481948545762,200158.4893192461,-29.53529133452916,300158.489319246,-33.07692396770858,400158.489319246,-43.29771437283832,500158.489319246,-44.16008887673469,600158.489319246,-49.02470779615034,700158.489319246,-49.28946403780329
699800.4737685029,-81.16509630574629,599800.4737685029,-96.54705769955576,499800.4737685031,-67.75403754163052,399800.4737685031,-65.8377926971299,299800.4737685031,-54.77996573905075,199800.4737685031,-50.43921203350308,99800.4737685031,-37.73272769426103,199.5262314968883,5.596941185328066,100199.5262314969,-36.21027665179562,200199.5262314969,-50.14679374826901,300199.5262314968,-53.70199638651692,400199.5262314968,-63.44624067949157,500199.5262314968,-64.43993246021626,600199.5262314968,-69.68317771888262,700199.5262314968,-69.82079145747049,699800.4737685029,-59.08047433002022,599800.4737685029,-63.15809909102654,499800.4737685031,-47.8215296213742,399800.4737685031,-45.76636675227276,299800.4737685031,-34.0399410127278,199800.4737685031,-29.63841582486819,99800.4737685031,-16.84211207946609,199.5262314968883,26.51152343875659,100199.5262314969,-15.29999186208522,200199.5262314969,-29.27156455961634,300199.5262314968,-32.83064993751233,400199.5262314968,-42.6179823002832,500199.5262314968,-43.62435568317704,600199.5262314968,-48.1294271708995,700199.5262314968,-48.57672837369103
699748.8113568489,-84.59557430395846,599748.8113568489,-91.55552417886082,499748.811356849,-67.73005952371972,399748.811356849,-65.28109554208156,299748.811356849,-54.6905778074311,199748.811356849,-50.12290002073606,99748.81135684902,-37.79476040469716,251.1886431509584,5.635769033587708,100251.1886431509,-35.91770285203969,200251.1886431509,-49.78034231005591,300251.1886431509,-53.38406779401193,400251.1886431509,-62.66537192268843,500251.1886431509,-63.83110757438759,600251.1886431508,-68.5953483561122,700251.1886431508,-68.96083083267955,699748.8113568489,-61.69463143986463,599748.8113568489,-63.59667270979961,499748.811356849,-47.87863028353917,399748.811356849,-45.15729305943204,299748.811356849,-33.96024333711838,199748.811356849,-29.32074724947599,99748.81135684902,-16.90666860462848,251.1886431509584,26.55047591232798,100251.1886431509,-15.00573765232349,200251.1886431509,-28.89273847358649,300251.1886431509,-32.49768284604736,400251.1886431509,-41.77007124105852,500251.1886431509,-42.958299217305,600251.1886431508,-47.09825514956833,700251.1886431508,-47.73604011797323
699683.772233983,-92.21081719827953,599683.772233983,-82.40666275450531,499683.7722339831,-67.50538576211619,399683.7722339831,-64.42365738982588,299683.7722339831,-54.51059405994967,199683.7722339831,-49.65348959274881,99683.77223398315,-37.82619336667683,316.2277660168385,5.687511729471854,100316.2277660168,-35.53929455269057,200316.2277660168,-49.26526434114145,300316.2277660168,-52.95783324841211,400316.2277660168,-61.69724394776124,500316.2277660168,-63.07420300475988,600316.2277660167,-67.37092511923436,700316.2277660167,-67.96325462091814,699683.772233983,-65.51432209352623,599683.772233983,-60.19132940689727,499683.7722339831,-47.69335798119379,399683.7722339831,-44.19961053700327,299683.7722339831,-33.78841079270127,199683.7722339831,-28.84677522857386,99683.77223398315,-16.94109597619114,316.2277660168385,26.60229600680935,100316.2277660168,-14.62543216423738,200316.2277660168,-28.36361441476241,300316.2277660168,-32.05426608761392,400316.2277660168,-40.74045118813372,500316.2277660168,-42.14441946016272,600316.2277660167,-45.9270289420551,700316.2277660167,-46.75735713483061
699601.8928294464,-91.16650409685086,599601.8928294464,-77.17411359026768,499601.8928294465,-66.97134581220121,399601.8928294465,-63.2467230127158,299601.8928294465,-54.20000048519412,199601.8928294465,-48.99510397957065,99601.89282944649,-37.80065739680592,398.107170553498,5.744003617793641,100398.1071705535,-35.06492000356111,200398.1071705535,-48.57369227820502,300398.1071705534,-52.40497896976166,400398.1071705534,-60.54241592511759,500398.1071705534,-62.16054972770905,600398.1071705534,-66.01877385134982,700398.1071705534,-66.82942848034773,699601.8928294464,-65.68399817849441,599601.8928294464,-55.96465684771491,499601.8928294465,-47.11501035415102,399601.8928294465,-42.88783940222962,299601.8928294465,-33.48153970950595,199601.8928294465,-28.17959346298134,99601.89282944649,-16.91880653570659,398.107170553498,26.65883478902864,100398.1071705535,-14.14902627882923,200398.1071705535,-27.65732091635603,300398.1071705534,-31.48280296379238,400398.1071705534,-39.53413818601946,500398.1071705534,-41.17758903997898,600398.1071705534,-44.62338074781184,700398.1071705534,-45.64150117273635
699498.8127663726,-81.62715198496264,599498.8127663726,-73.29531837294329,499498.8127663727,-66.07033205230923,399498.8127663727,-61.81132853778972,299498.8127663727,-53.73646486869637,199498.8127663727,-48.14807280094645,99498.81276637271,-37.69695375052211,501.1872336272732,5.767114303473312,100501.1872336273,-34.51280860161268,200501.1872336272,-47.7139087235166,300501.1872336272,-51.73647772139068,400501.1872336272,-59.24317626623237,500501.1872336272,-61.11681046716082,600501.1872336272,-64.57957262681732,700501.1872336272,-65.59247526052749,699498.8127663726,-59.90489337296913,599498.8127663726,-52.27468034665669,499498.8127663727,-46.06926013617611,399498.8127663727,-41.30847037076484,299498.8127663727,-33.01361688755718,199498.8127663727,-27.31924746386039,99498.81276637271,-16.81801322713554,501.1872336272732,26.68197196497223,100501.1872336273,-13.59488828977563,200501.1872336272,-26.78363748316787,300501.1872336272,-30.79551364516862,400501.1872336272,-38.19603946377218,500501.1872336272,-40.08774630976305,600501.1872336272,-43.22712735713048,700501.1872336272,-44.42102918342664
699369.0426555197,-76.42264469038969,599369.0426555197,-70.23048896169473,499369.0426555197,-64.90674789050647,399369.0426555197,-60.2989238465407,299369.0426555197,-53.17924056135698,199369.0426555198,-47.21294183825332,99369.04265551979,-37.54679675413865,630.9573444801945,5.636607022566198,100630.9573444802,-33.98365440466207,200630.9573444802,-46.79101814857741,300630.9573444801,-51.04926648277693,400630.9573444801,-57.9341995616352,500630.9573444801,-60.05888507967865,600630.9573444801,-63.17716917070796,700630.9573444801,-64.36906428663308,699369.0426555197,-55.16753736942734,599369.0426555197,-49.22850749200336,499369.0426555197,-44.69615578387381,399369.0426555197,-39.66546946607248,299369.0426555197,-32.44091722078039,199369.0426555198,-26.36716458520519,99369.04265551979,-16.66932911256993,630.9573444801945,26.55147653545811,100630.9573444802,-13.06390713485857,200630.9573444802,-25.84927300405584,300630.9573444801,-30.09098416229346,400630.9573444801,-36.86111689284149,500630.9573444801,-38.99300400564046,600630.9573444801,-41.86161181285617,700630.9573444801,-43.21202390723009
699205.6717652756,-73.08659060226942,599205.6717652756,-68.00463954520826,499205.6717652756,-63.8488413786923,399205.6717652756,-59.07415200717529,299205.6717652756,-52.77922641749527,199205.6717652757,-46.4869363941727,99205.67176527571,-37.5361983551753,794.3282347242831,5.060886135152719,100794.3282347243,-33.75264382682153,200794.3282347243,-46.10117349813024,300794.3282347242,-50.62067709638464,400794.3282347242,-56.92784204546234,500794.3282347242,-59.28129676296485,600794.3282347241,-62.10687856249483,700794.3282347241,-63.44795451505213,699205.6717652756,-51.91526876519603,599205.6717652756,-46.97988464397148,499205.6717652756,-43.4241311283262,399205.6717652756,-38.3342814447177,299205.6717652756,-32.01427436169563,199205.6717652757,-25.62241595944199,99205.67176527571,-16.65738557285061,794.3282347242831,25.97575542195,100794.3282347243,-12.83150029800876,200794.3282347243,-25.15153980966712,300794.3282347242,-29.64822108895316,400794.3282347242,-35.84008240931995,500794.3282347242,-38.18851979266282,600794.3282347241,-40.82190357918891,700794.3282347241,-42.30260345009028
698999.9999999999,-71.34781136600786,598999.9999999999,-66.93943029754881,498999.9999999999,-63.47215332064297,398999.9999999999,-58.65651761944213,298999.9999999999,-52.9900997886874,199000,-46.45389780608552,98999.99999999999,-38.03692442626638,1000.000000000002,3.584342802964585,101000,-34.26501689249227,201000,-46.1223687699818,300999.9999999999,-50.90471184309357,400999.9999999999,-56.70218904300248,500999.9999999999,-59.24819832242426,600999.9999999999,-61.82712469187962,700999.9999999999,-63.28168384785585,698999.9999999999,-50.17813699527216,598999.9999999999,-45.88099522327676,498999.9999999999,-42.86755839717669,398999.9999999999,-37.83509403030211,298999.9999999999,-32.1910788920114,199000,-25.57087364224246,98999.99999999999,-17.15318281868771,1000.000000000002,24.49919978281379,101000,-13.34313690056617,201000,-25.16881140701194,300999.9999999999,-29.92244278909369,400999.9999999999,-35.60834147692773,500999.9999999999,-38.13747619895888,600999.9999999999,-40.56629502410173,700999.9999999999,-42.14454642351572
698741.0745882057,-71.14969421691374,598741.0745882057,-67.19861647988017,498741.0745882058,-64.12607820119827,398741.0745882058,-59.33445641601843,298741.0745882058,-54.09113696000007,198741.0745882058,-47.39538649602677,98741.07458820581,-39.2744557518898,1258.92541179417,0.9654923629378405,101258.9254117942,-35.75984934571452,201258.9254117941,-47.12876660101861,301258.9254117941,-52.1540147331894,401258.9254117941,-57.51923924867295,501258.9254117941,-60.21240776570452,601258.9254117941,-62.58035507042896,701258.9254117941,-64.10742686098753,698741.0745882057,-49.95108886090752,598741.0745882057,-46.10220648526958,498741.0745882058,-43.38400809232451,398741.0745882058,-38.45211846957211,298741.0745882058,-33.25621224296024,198741.0745882058,-26.49556985817806,98741.07458820581,-18.38291271350911,1258.92541179417,21.8803224121299,101258.9254117942,-14.83807796403653,201258.9254117941,-26.17494321669347,301258.9254117941,-31.16673488756488,401258.9254117941,-36.4250315344382,501258.9254117941,-39.09050967806436,601258.9254117941,-41.33706145691059,701258.9254117941,-42.97408816711737
698415.1068075388,-72.04045009454953,598415.1068075388,-68.44122291925763,498415.1068075388,-65.59512739081934,398415.1068075388,-60.85018246423414,298415.1068075388,-55.85337411222012,198415.1068075389,-49.0624836986585,98415.10680753888,-41.01927891013501,1584.893192461117,-2.506730303460841,101584.8931924611,-37.95373259316373,201584.8931924611,-48.86560734366753,301584.8931924611,-54.10006240101901,401584.8931924611,-59.10646377645713,501584.8931924611,-61.8960611500735,601584.893192461,-64.07599216888349,701584.893192461,-65.62997386339065,698415.1068075388,-50.79187460848696,598415.1068075388,-47.3016224775681,498415.1068075388,-44.7498644967999,398415.1068075388,-39.92219701159797,298415.1068075388,-34.98532190746558,198415.1068075389,-28.14826162671556,98415.10680753888,-20.11882917006344,1584.893192461117,18.40805266130171,101584.8931924611,-17.03303278766878,201584.8931924611,-27.91454931073171,301584.8931924611,-33.11227308334087,401584.8931924611,-38.01509657569148,501584.8931924611,-40.76691286208266,601584.893192461,-42.84328880174503,701584.893192461,-44.49489581135655
698004.737685031,-73.45079341610895,598004.737685031,-70.17206933585871,498004.7376850311,-67.46789145306467,398004.7376850311,-62.77056325110729,298004.7376850311,-57.88484470588187,198004.7376850311,-51.03469151014714,98004.7376850311,-42.91329157111881,1995.262314968884,-6.379773751439208,101995.2623149689,-40.40545496657263,201995.2623149689,-50.90964316888871,301995.2623149688,-56.31465496372443,401995.2623149688,-61.02278588110339,501995.2623149688,-63.85491727406916,601995.2623149687,-65.85684584566158,701995.2623149687,-67.38850154494477,698004.737685031,-52.13056273271411,598004.737685031,-48.97971077495794,498004.7376850311,-46.54126009926773,398004.7376850311,-41.80727568251869,298004.7376850311,-36.9887221830844,198004.7376850311,-30.1085301223226,98004.7376850311,-22.00438910483856,1995.262314968884,14.53493251307806,101995.2623149689,-19.48684709546287,201995.2623149689,-29.96379324572897,301995.2623149688,-35.33011726369501,401995.2623149688,-39.93543025123604,501995.2623149688,-42.71940235805428,601995.2623149687,-44.62723822604695,701995.2623149687,-46.24496573300176
697488.1135684903,-74.99734160194782,597488.1135684903,-72.07049839345996,497488.1135684904,-69.48615904177727,397488.1135684904,-64.83162552092784,297488.1135684904,-59.95812773233575,197488.1135684904,-53.05754521930265,97488.1135684904,-44.76454257186263,2511.886431509586,-10.37832252575582,102511.8864315096,-42.85344050913927,202511.8864315096,-53.00702407993156,302511.8864315095,-58.54591959602737,402511.8864315095,-62.99941509575603,502511.8864315095,-65.81763813765835,602511.8864315095,-67.64016970215691,702511.8864315095,-69.09851542491657,697488.1135684903,-53.58212319993137,597488.1135684903,-50.80927383646085,497488.1135684904,-48.48764178015973,397488.1135684904,-43.83920544572857,297488.1135684904,-39.03937471186771,197488.1135684904,-32.12172317951059,97488.1135684904,-23.8483745486043,2511.886431509586,10.53626259153097,102511.8864315096,-21.93797071849206,202511.8864315096,-32.06846936847771,302511.8864315095,-37.56756185656313,402511.8864315095,-41.91564131097106,502511.8864315095,-44.67368904397531,602511.8864315095,-46.40548228382315,702511.8864315095,-47.93888138420755
696837.7223398315,-76.4523523051095,596837.7223398315,-73.96262024419838,496837.7223398316,-71.53372460981815,396837.7223398316,-66.92420548789362,296837.7223398316,-61.99005499679294,196837.7223398316,-55.02587700671888,96837.7223398316,-46.50989701732713,3162.277660168386,-14.38791734011165,103162.2776601684,-45.19598663886944,203162.2776601684,-55.05653294501198,303162.2776601683,-60.69883119338667,403162.2776601683,-64.92379062828654,503162.2776601683,-67.66883255819667,603162.2776601682,-69.30235421778414,703162.2776601682,-70.63791976946064,696837.7223398315,-54.92275227839302,596837.7223398315,-52.60923477974576,496837.7223398316,-50.46099529752073,396837.7223398316,-45.90512470017322,296837.7223398316,-41.05358824440201,196837.7223398316,-34.08248098845603,96837.7223398316,-25.58777086791635,3162.277660168386,6.526480227585619,103162.2776601684,-24.28472342567848,203162.2776601684,-34.12727487184086,303162.2776601683,-39.72886687576693,403162.2776601683,-43.84182042747917,503162.2776601683,-46.511703152637,603162.2776601682,-48.05385031037444,703162.2776601682,-49.45436233691015
696018.9282944649,-77.66607555135599,596018.9282944649,-75.72418298566211,496018.9282944649,-73.54808467073391,396018.9282944649,-69.00562630514621,296018.9282944649,-63.95432296465596,196018.928294465,-56.89637382666548,96018.928294465,-48.12700923337203,3981.071705534981,-18.36665356068907,103981.071705535,-47.40096263229621,203981.0717055349,-57.02248257666213,303981.0717055349,-62.74567033079244,403981.0717055349,-66.75165453767565,503981.0717055349,-69.36114941583133,603981.0717055348,-70.79275531879344,703981.0717055348,-71.96224257272306,696018.9282944649,-56.01714651820885,596018.9282944649,-54.25162095063891,496018.9282944649,-52.38710284366221,396018.9282944649,-47.95866021671368,296018.9282944649,-43.00437122865817,196018.928294465,-35.94743104053659,96018.928294465,-27.20012976081451,3981.071705534981,2.54745960549055,103981.071705535,-26.49499949987092,203981.0717055349,-36.10463575329885,303981.0717055349,-41.78572733898423,403981.0717055349,-45.66841173253945,503981.0717055349,-48.18389908815983,603981.0717055348,-49.52167514534403,703981.0717055348,-50.74795857548
694988.1276637272,-78.55306028059505,594988.1276637272,-77.23501519585905,494988.1276637272,-75.46761646201638,394988.1276637272,-71.04851558978675,294988.1276637272,-65.83468389229951,194988.1276637272,-58.64058471048087,94988.12766372725,-49.59422057136039,5011.872336272734,-22.29651819091739,105011.8723362727,-49.45782910541713,205011.8723362727,-58.88856249987785,305011.8723362727,-64.67752698570922,405011.8723362727,-68.45869850632828,505011.8723362727,-70.86797922733054,605011.8723362726,-72.08806524604229,705011.8723362726,-73.05953783063198,694988.1276637272,-56.80169394574656,594988.1276637272,-55.62324913882768,494988.1276637272,-54.19371927628553,394988.1276637272,-49.96819701170003,294988.1276637272,-44.87493920542254,194988.1276637272,-37.68819314471028,94988.12766372725,-28.66368512046283,5011.872336272734,-1.38282421112338,105011.8723362727,-28.55826471291611,205011.8723362727,-37.98440403897389,305011.8723362727,-43.72858657387393,405011.8723362727,-47.36968252555891,505011.8723362727,-49.66231386407859,605011.8723362726,-50.7866276010953,705011.8723362726,-51.81012410657938
693690.4265551979,-79.10617254855754,593690.4265551979,-78.38818117217788,493690.426555198,-77.20861504300164,393690.426555198,-73.01627288455366,293690.426555198,-67.60759935680981,193690.426555198,-60.22952581740608,93690.42655519804,-50.88235421714084,6309.573444801948,-26.16437311484891,106309.5734448019,-51.36344267337372,206309.5734448019,-60.64333710454246,306309.5734448019,-66.48656118315536,406309.5734448019,-70.02196730782896,506309.5734448019,-72.16683761224098,606309.5734448018,-73.17658741884755,706309.5734448018,-73.93350559604157,693690.4265551979,-57.2858409527666,593690.4265551979,-56.63927873460857,493690.426555198,-55.79214613874764,393690.426555198,-51.89186357540875,293690.426555198,-46.64126865931895,193690.426555198,-39.27580728180646,93690.42655519804,-29.94917399173001,6309.573444801948,-5.251269802050576,106309.5734448019,-30.47133030909618,206309.5734448019,-39.7551409975902,306309.5734448019,-45.54849380175068,406309.5734448019,-48.92101446463378,506309.5734448019,-50.9244384327672,606309.5734448018,-51.83925447556463,706309.5734448018,-52.64800194152844
692056.7176527571,-79.38451979880745,592056.7176527571,-79.13061976335781,492056.7176527571,-78.66501463736574,392056.7176527571,-74.84878049140443,292056.7176527571,-69.23941979942893,192056.7176527571,-61.63548546996768,92056.71765275716,-51.96117267997358,7943.282347242834,-29.95526832508325,107943.2823472428,-53.1262743096781,207943.2823472428,-62.28205112030635,307943.2823472428,-68.16255659330773,407943.2823472428,-71.41503896078285,507943.2823472428,-73.23683966337283,607943.2823472427,-74.05478813275664,707943.2823472427,-74.59717514896877,692056.7176527571,-57.53075857082138,592056.7176527571,-57.27491624255905,492056.7176527571,-57.08482875641073,392056.7176527571,-53.6632301504125,292056.7176527571,-48.26868553387279,192056.7176527571,-40.68215907355939,92056.71765275716,-31.02619291841147,7943.282347242834,-9.042937381841616,107943.2823472428,-32.24258459079927,207943.2823472428,-41.41169148176179,307943.2823472428,-47.23300996398235,407943.2823472428,-50.29408337434401,507943.2823472428,-51.95108760165561,607943.2823472427,-52.67933278890204,707943.2823472427,-53.27835484344057
689999.9999999999,-79.47024458719075,589999.9999999999,-79.48484145698283,489999.9999999999,-79.73242506580429,389999.9999999999,-76.45340068448795,289999.9999999999,-70.6940762054526,189999.9999999999,-62.84466193238815,89999.99999999996,-52.81171161254825,10000.00000000003,-33.64547907753679,110000,-54.78110486626942,210000,-63.81771468482741,309999.9999999999,-69.69623500628492,409999.9999999999,-72.61035452729324,509999.9999999999,-74.06228541604131,609999.9999999999,-74.7275627419717,709999.9999999999,-75.06956640083938,689999.9999999999,-57.6100166539949,589999.9999999999,-57.56928331628557,489999.9999999999,-57.99330392093551,389999.9999999999,-55.18378764931932,289999.9999999999,-49.7183834283619,189999.9999999999,-41.89213678645273,89999.99999999996,-31.87539972733603,10000.00000000003,-12.73401169017681,110000,-33.90683161043345,210000,-42.96611998789561,309999.9999999999,-48.76864108854812,409999.9999999999,-51.45935118657123,509999.9999999999,-52.72989519128143,609999.9999999999,-53.31542933772961,709999.9999999999,-53.72338567547118
687410.7458820582,-79.42860562463339,587410.7458820582,-79.51930065829627,487410.7458820582,-80.34566137513126,387410.7458820582,-77.70672725944726,287410.7458820582,-71.95146985273804,187410.7458820583,-63.87546681232902,87410.74588205828,-53.43660088848452,12589.25411794171,-37.17205889695258,112589.2541179417,-56.40939790596478,212589.2541179417,-65.29770288678409,312589.2541179417,-71.0857430069,412589.2541179417,-73.58709714707625,512589.2541179417,-74.63900586282091,612589.2541179416,-75.20946374257458,712589.2541179416,-75.37382645744248,687410.7458820582,-57.57899139813538,587410.7458820582,-57.58965447429001,487410.7458820582,-58.48535048586616,387410.7458820582,-56.32914277453103,287410.7458820582,-50.96434725135576,187410.7458820583,-42.92161408476023,87410.74588205828,-32.49879426565646,12589.25411794171,-16.2611660700193,112589.2541179417,-35.54599726423858,212589.2541179417,-44.46433802980153,312589.2541179417,-50.14633131011556,412589.2541179417,-52.39428388354235,512589.2541179417,-53.26081618103572,612589.2541179416,-53.7651254494217,712589.2541179416,-54.0082634189269
684151.0680753887,-79.29173122808173,584151.0680753887,-79.29931365939011,484151.0680753888,-80.50065809259151,384151.0680753888,-78.48018522737775,284151.0680753888,-73.0325317079767,184151.0680753888,-64.79558590119399,84151.06807538882,-53.85944168528134,15848.93192461118,-40.32422978645194,115848.9319246112,-58.16432970975504,215848.9319246112,-66.82362601899086,315848.9319246111,-72.34259950710043,415848.9319246111,-74.34419966247221,515848.9319246111,-74.98206823228355,615848.9319246111,-75.52724769179351,715848.9319246111,-75.53767795210942,684151.0680753887,-57.46389708462239,584151.0680753887,-57.39128181780566,484151.0680753888,-58.57749069025155,384151.0680753888,-56.9814858385317,284151.0680753888,-52.01745562803085,184151.0680753888,-43.83447137423138,84151.06807538882,-32.91922293420555,15848.93192461118,-19.4125757105343,115848.9319246112,-37.31479806390033,215848.9319246112,-46.00600796493723,315848.9319246111,-51.36669064773702,415848.9319246111,-53.09678274769347,515848.9319246111,-53.56241011420196,615848.9319246111,-54.0566166956179,715848.9319246111,-54.16124470594969
680047.3768503111,-79.06388013195075,580047.3768503111,-78.86671481218501,480047.3768503111,-80.25170593590443,380047.3768503111,-78.69652873442006,280047.3768503111,-74.01891319359392,180047.3768503111,-65.73300890537422,80047.37685031114,-54.10453636825608,19952.62314968885,-42.56203591702189,119952.6231496888,-60.30707752777522,219952.6231496888,-68.57746275197967,319952.6231496888,-73.49213201588594,419952.6231496888,-74.9167961792794,519952.6231496888,-75.13423632827221,619952.6231496887,-75.7250587840071,719952.6231496887,-75.59702847617662,680047.3768503111,-57.26704411010654,580047.3768503111,-57.00569278011835,480047.3768503111,-58.32278890236056,380047.3768503111,-57.08848358793791,280047.3768503111,-52.94512565662053,180047.3768503111,-44.75334536815149,80047.37685031114,-33.16039163669232,19952.62314968885,-21.64688579445173,119952.6231496888,-39.47852740391647,219952.6231496888,-47.77003242675656,319952.6231496888,-52.44108203265743,419952.6231496888,-53.60190189453441,519952.6231496888,-53.67894853234034,619952.6231496887,-54.23325566258107,719952.6231496887,-54.21713316398286
674881.1356849041,-78.74492423262905,574881.1356849041,-78.26048727765355,474881.1356849041,-79.70921117656194,374881.1356849041,-78.39094876267791,274881.1356849041,-75.04827154672019,174881.1356849041,-66.87635532296412,74881.13568490412,-54.14123051226613,25118.86431509587,-43.32040563848993,125118.8643150959,-63.24406600734782,225118.8643150959,-70.86793037732961,325118.8643150958,-74.56279674041922,425118.8643150958,-75.39042610601638,525118.8643150958,-75.17265224687462,625118.8643150957,-75.87095629557568,725118.8643150957,-75.60102526696875,674881.1356849041,-56.98698057078585,574881.1356849041,-56.46230074158456,474881.1356849041,-57.81430286709724,374881.1356849041,-56.71393813456199,274881.1356849041,-53.86672500756675,174881.1356849041,-45.85817529633673,74881.13568490412,-33.19173188799432,25118.86431509587,-22.40052259682369,125118.8643150959,-42.45464425515362,225118.8643150959,-50.05755788591797,325118.8643150958,-53.38604455534232,425118.8643150958,-53.99589505506506,525118.8643150958,-53.68653306594276,625118.8643150957,-54.3599256423088,725118.8643150957,-54.2223715846515
668377.223398316,-78.36668629791393,568377.223398316,-77.55347621021161,468377.2233983161,-79.03636902230225,368377.2233983161,-77.70955049814278,268377.2233983161,-76.23177337563601,168377.2233983161,-68.41176167246837,68377.2233983161,-53.75712040505282,31622.77660168388,-42.99088601256008,131622.7766016839,-67.12071438392013,231622.7766016838,-74.23086139513961,331622.7766016838,-75.55649802940736,431622.7766016838,-75.89531772889652,531622.7766016838,-75.20127234243063,631622.7766016838,-76.05346619756511,731622.7766016838,-75.60909815264654,668377.223398316,-56.65072275495224,568377.223398316,-55.82333598094809,468377.2233983161,-57.19421685932623,368377.2233983161,-56.02101083816558,268377.2233983161,-54.87519858079473,168377.2233983161,-47.31903484066328,68377.2233983161,-32.80275320849259,31622.77660168388,-22.06850202249252,131622.7766016839,-46.40309520046185,231622.7766016838,-53.37585706428654,331622.7766016838,-54.20827548773409,431622.7766016838,-54.41015874908886,531622.7766016838,-53.68632054996883,631622.7766016838,-54.52040475606723,731622.7766016838,-54.2328498535936
660189.28294465,-77.99660947209554,560189.28294465,-76.83510260051399,460189.2829446501,-78.36672074853277,360189.2829446501,-76.76485384389549,260189.2829446501,-77.27447562303846,160189.2829446501,-70.00387242531937,60189.28294465014,-52.37385837514901,39810.71705534984,-42.56754278702928,139810.7170553498,-68.27240534284819,239810.7170553498,-79.69005358466327,339810.7170553498,-76.37721039643766,439810.7170553498,-76.53591020563644,539810.7170553498,-75.29783932451862,639810.7170553497,-76.34117134922774,739810.7170553497,-75.66079935888095,660189.28294465,-56.3186898354777,560189.28294465,-55.17021089869264,460189.2829446501,-56.58619366632407,360189.2829446501,-55.12782703504402,260189.2829446501,-55.70661719561418,160189.2829446501,-48.79619143137489,60189.28294465014,-31.42013155428629,39810.71705534984,-21.64462539211052,139810.7170553498,-47.49681053817419,239810.7170553498,-58.56883101562775,339810.7170553498,-54.8540883595561,439810.7170553498,-54.95208002841093,539810.7170553498,-53.75446228183761,639810.7170553497,-54.77995697125704,739810.7170553497,-54.28644107943244
649881.2766372724,-77.61135505122098,549881.2766372724,-76.05299893562388,449881.2766372726,-77.54471389439999,349881.2766372726,-75.32091509487044,249881.2766372726,-76.52745372057481,149881.2766372726,-68.68642148820003,49881.2766372726,-49.2017679195306,50118.72336272738,-42.65709606383194,150118.7233627274,-65.1485703770891,250118.7233627274,-87.12762631588836,350118.7233627273,-76.71548728126615,450118.7233627273,-77.2671482501304,550118.7233627273,-75.43857382455072,650118.7233627273,-76.73254659589446,750118.7233627273,-75.74570893328131,649881.2766372724,-55.97234295775743,549881.2766372724,-54.45772097960906,449881.2766372726,-55.85458845128614,349881.2766372726,-53.81024546650667,249881.2766372726,-54.97444425234129,149881.2766372726,-47.53027193222074,49881.2766372726,-28.25853906749943,50118.72336272738,-21.73409973031529,150118.7233627274,-44.26717412731324,250118.7233627274,-64.29618239854537,350118.7233627273,-55.09247744294385,450118.7233627273,-55.58480551430543,550118.7233627273,-53.87012425272502,650118.7233627273,-55.13798602085957,750118.7233627273,-54.3750968495152
636904.2655519804,-77.0302719006669,536904.2655519804,-74.99972627156586,436904.2655519804,-76.13036272385439,336904.2655519804,-72.89931381367087,236904.2655519804,-72.1469798816069,136904.2655519804,-62.35142435006195,36904.26555198046,-44.17074814194997,63095.73444801952,-43.11058944279897,163095.7344480195,-61.82438970570825,263095.7344480195,-78.97302209490516,363095.7344480195,-76.46094638479398,463095.7344480195,-78.37172955578373,563095.7344480194,-75.81857658258832,663095.7344480194,-77.45294038611877,763095.7344480194,-76.00355664920284,636904.2655519804,-55.45614353938458,536904.2655519804,-53.50347895097969,436904.2655519804,-54.61373569767235,336904.2655519804,-51.60764615612911,236904.2655519804,-50.99184180193757,136904.2655519804,-41.39734512234968,36904.26555198046,-23.24254434933847,63095.73444801952,-22.18743150254688,163095.7344480195,-40.9154637694442,263095.7344480195,-57.67939181633231,363095.7344480195,-54.88096411748123,463095.7344480195,-56.57540813964965,563095.7344480194,-54.21334809171557,663095.7344480194,-55.79655784356186,763095.7344480194,-54.62496939110103
620567.1765275715,-77.17179785853997,520567.1765275715,-74.68004318661313,420567.1765275715,-75.11768969564065,320567.1765275715,-70.4879826366156,220567.1765275715,-66.60282142614302,120567.1765275716,-55.72228708680888,20567.17652757157,-37.92395607299359,79432.82347242841,-43.38898933435041,179432.8234724284,-58.17607407044102,279432.8234724284,-71.86565402276887,379432.8234724284,-78.0959249302316,479432.8234724284,-83.9583469497193,579432.8234724284,-78.11415615766157,679432.8234724283,-79.79717367463824,779432.8234724283,-76.9978081476482,620567.1765275715,-55.66101031807154,520567.1765275715,-53.30603272987566,420567.1765275715,-53.92331552876898,320567.1765275715,-49.49537878409842,220567.1765275715,-45.74378802198463,120567.1765275716,-34.83529486618706,20567.17652757157,-17.00580440498025,79432.82347242841,-22.46720690883251,179432.8234724284,-37.27568258128967,279432.8234724284,-51.09418516054276,379432.8234724284,-56.81254108069439,479432.8234724284,-61.62391438293029,579432.8234724284,-56.28837678071431,679432.8234724283,-57.86948856128501,779432.8234724283,-55.52437301432754
599999.9999999999,-68.15565888108448,499999.9999999999,-64.55516125294378,399999.9999999999,-62.37613956891927,299999.9999999999,-52.49224044397575,199999.9999999999,-47.76189275279386,99999.99999999997,-34.88097279785721,0,-73.01757930960547,100000,-34.56954845289249,200000,-46.30256171292159,300000,-52.45177276572711,399999.9999999999,-64.49923699826429,499999.9999999999,-66.53933272369534,600000,-70.95587061013005,699999.9999999999,-69.90699729721348,799999.9999999999,-66.53865964579295,599999.9999999999,-46.64828462056076,499999.9999999999,-44.00479727533244,399999.9999999999,-41.92906256759534,299999.9999999999,-31.70962590636762,199999.9999999999,-26.93204509563364,99999.99999999997,-13.98024947288645,0,-105.7682402764253,100000,-13.66335036958007,200000,-25.44442193559984,300000,-31.6702131965602,399999.9999999999,-44.39114274616877,499999.9999999999,-46.38800988914849,600000,-48.79181857233635,699999.9999999999,-48.18786334330725,799999.9999999999,-44.95249565125685
