pulse_out X,pulse_out Y,pulse_in X,pulse_in Y
0,0.3919131390257322,0,0.59
4.539628899737527e-13,0.391913138352077,4.539628899737527e-13,0.59
8.164776813684692e-13,0.3919131378141926,8.164776813684692e-13,0.59
1.541507264157902e-12,0.3919131367385852,1.541507264157902e-12,0.59
2.991566429736768e-12,0.3919131345881433,2.991566429736768e-12,0.59
5.8916847608945e-12,0.391913130290452,5.8916847608945e-12,0.59
1.169192142320996e-11,0.3919131217079056,1.169192142320996e-11,0.59
1.82055922889565e-11,0.3919131120900883,1.82055922889565e-11,0.59
2.466223835721713e-11,0.3919131025777248,2.466223835721713e-11,0.59
3.19923367200215e-11,0.3919130918041224,3.19923367200215e-11,0.59
4.145803739661176e-11,0.3919130779318071,4.145803739661176e-11,0.59
5.441730349136615e-11,0.3919130590126628,5.441730349136615e-11,0.59
7.341620585715622e-11,0.3919130314282677,7.341620585715622e-11,0.59
1.019671001752352e-10,0.391912990312655,1.019671001752352e-10,0.59
1.471734394746411e-10,0.39191292603063,1.471734394746411e-10,0.59
1.95360539691839e-10,0.3919128586003724,1.95360539691839e-10,0.59
2.344759619189861e-10,0.3919128046809095,2.344759619189861e-10,0.59
2.672379809594931e-10,0.3919127600751611,2.672379809594931e-10,0.59
3e-10,0.3919127159695989,3e-10,0.59
3.033206411464244e-10,0.3919127115296356,3.033206411464244e-10,0.59
3.069182614805507e-10,0.3919127067232412,3.069182614805507e-10,0.59
3.122527694398215e-10,0.3919126996064405,3.122527694398215e-10,0.59
3.229217853583632e-10,0.3919126854112996,3.229217853583632e-10,0.59
3.442598171954465e-10,0.3919126571760915,3.442598171954465e-10,0.59
3.869358808696131e-10,0.3919126013214777,3.869358808696131e-10,0.59
4.4198865331902e-10,0.3919125304647278,4.4198865331902e-10,0.59
5.10033476312725e-10,0.3919124447143402,5.10033476312725e-10,0.59
6.414556100553378e-10,0.3919122846294,6.414556100553378e-10,0.59
9.042998775405635e-10,0.3919119850543502,9.042998775405635e-10,0.59
1.194033502146587e-09,0.3919116843598675,1.194033502146587e-09,0.59
1.469170744849265e-09,0.3919114251266364,1.469170744849265e-09,0.59
1.720491318644249e-09,0.3919112088414355,1.720491318644249e-09,0.59
1.961943421044236e-09,0.3919110179286885,1.961943421044236e-09,0.59
2.213205351656836e-09,0.3919108353233565,2.213205351656836e-09,0.59
2.497060221378187e-09,0.3919106469725636,2.497060221378187e-09,0.59
2.85530093181181e-09,0.3919104336391965,2.85530093181181e-09,0.59
3.270271817453022e-09,0.3919102166250949,3.270271817453022e-09,0.59
3.717467328333794e-09,0.3919100143241585,3.717467328333794e-09,0.59
4.096101411845709e-09,0.391909865523811,4.096101411845709e-09,0.59
4.450961968567505e-09,0.391909742427868,4.450961968567505e-09,0.59
4.808906285552184e-09,0.3919096323158584,4.808906285552184e-09,0.59
5.186615504675625e-09,0.3919095295411725,5.186615504675625e-09,0.59
5.601156955036505e-09,0.3919094305730405,5.601156955036505e-09,0.59
6.064770762102122e-09,0.3919093346847505,6.064770762102122e-09,0.59
6.591169269048421e-09,0.3919092419029102,6.591169269048421e-09,0.59
7.20144381872307e-09,0.3919091521453597,7.20144381872307e-09,0.59
7.93217607045175e-09,0.3919090649592942,7.93217607045175e-09,0.59
8.857251531307213e-09,0.3919089790178101,8.857251531307213e-09,0.59
1.010735439275785e-08,0.3919088940205397,1.010735439275785e-08,0.59
1.154091801297659e-08,0.3919088265446464,1.154091801297659e-08,0.59
1.310643871765058e-08,0.3919087761766275,1.310643871765058e-08,0.59
1.458912848762017e-08,0.3919087424200172,1.458912848762017e-08,0.59
1.608386045398589e-08,0.3919087165194993,1.608386045398589e-08,0.59
1.768947857514755e-08,0.3919086939372718,1.768947857514755e-08,0.59
1.945164266479248e-08,0.3919086727402331,1.945164266479248e-08,0.59
2.142446132627229e-08,0.3919086516072028,2.142446132627229e-08,0.59
2.368404316279809e-08,0.391908629481564,2.368404316279809e-08,0.59
2.632603349470458e-08,0.3919086055563217,2.632603349470458e-08,0.59
2.94904992735791e-08,0.3919085791121638,2.94904992735791e-08,0.59
3.335157938713847e-08,0.3919085498157572,3.335157938713847e-08,0.59
3.822386567490684e-08,0.3919085173661859,3.822386567490684e-08,0.59
4.497484230563921e-08,0.3919084806117053,4.497484230563921e-08,0.59
5.303005574331465e-08,0.3919084489060524,5.303005574331465e-08,0.59
5.804491074066891e-08,0.3919084356610743,5.804491074066891e-08,0.59
6.359910424154584e-08,0.3919084265641354,6.359910424154584e-08,0.59
6.796127843903513e-08,0.3919084233769475,6.796127843903513e-08,0.59
7.22122252795958e-08,0.3919084234861661,7.22122252795958e-08,0.59
7.677014761360427e-08,0.3919084269821086,7.677014761360427e-08,0.59
8.147481819863837e-08,0.3919084341008365,8.147481819863837e-08,0.59
8.624821640609158e-08,0.3919084448033721,8.624821640609158e-08,0.59
9.110539538907335e-08,0.3919084591202139,9.110539538907335e-08,0.59
9.599205522605232e-08,0.3919084768391356,9.599205522605232e-08,0.59
1.008660408240804e-07,0.3919084976554201,1.008660408240804e-07,0.59
1.058151266514248e-07,0.3919085218345307,1.058151266514248e-07,0.59
1.113104476318011e-07,0.3919085520661254,1.113104476318011e-07,0.59
1.157297415480844e-07,0.3919085788298926,1.157297415480844e-07,0.59
1.205931415098063e-07,0.3919086106610895,1.205931415098063e-07,0.59
1.250438464870478e-07,0.3919086418590456,1.250438464870478e-07,0.59
1.297406026378055e-07,0.3919086768028185,1.297406026378055e-07,0.59
1.354561429768687e-07,0.3919087219466201,1.354561429768687e-07,0.59
1.431314107125187e-07,0.3919087867365955,1.431314107125187e-07,0.59
1.545858871503939e-07,0.3919088913288537,1.545858871503939e-07,0.59
1.725308042970052e-07,0.3919090710127077,1.725308042970052e-07,0.59
1.968653866223897e-07,0.3919093380353219,1.968653866223897e-07,0.59
2.067660236592685e-07,0.3919094530524552,2.067660236592685e-07,0.59
2.197209750570475e-07,0.3919096073641555,2.197209750570475e-07,0.59
2.296994162279552e-07,0.3919097284168656,2.296994162279552e-07,0.59
2.415834991411482e-07,0.391909874197745,2.415834991411482e-07,0.59
2.532061517537244e-07,0.3919100177297887,2.532061517537244e-07,0.59
2.636117863654311e-07,0.3919101465012364,2.636117863654311e-07,0.59
2.761458528331298e-07,0.3919103012526819,2.761458528331298e-07,0.59
2.901942633478043e-07,0.3919104734025557,2.901942633478043e-07,0.59
3.095333735239536e-07,0.3919107065270589,3.095333735239536e-07,0.59
3.365264909220099e-07,0.3919110210671866,3.365264909220099e-07,0.59
3.680048205548763e-07,0.3919113671718264,3.680048205548763e-07,0.59
4.026185358510394e-07,0.3919117168808288,4.026185358510394e-07,0.59
4.446272872181064e-07,0.3919120922042115,4.446272872181064e-07,0.59
4.924246001816572e-07,0.3919124498023519,4.924246001816572e-07,0.59
5.467296141119752e-07,0.3919127664316872,5.467296141119752e-07,0.59
6.091870864248693e-07,0.3919130202191419,6.091870864248693e-07,0.59
6.813901400076264e-07,0.3919131863344749,6.813901400076264e-07,0.59
7.655271992273328e-07,0.3919132458461488,7.655271992273328e-07,0.59
8.639562243959711e-07,0.3919131935471588,8.639562243959711e-07,0.59
9.797430404531376e-07,0.3919130481468699,9.797430404531376e-07,0.59
1.116494169600263e-06,0.3919128562775596,1.116494169600263e-06,0.59
1.278643097886958e-06,0.3919126831787957,1.278643097886958e-06,0.59
1.471673870119564e-06,0.3919125862310213,1.471673870119564e-06,0.59
1.702235939697683e-06,0.391912582159374,1.702235939697683e-06,0.59
1.97879655471972e-06,0.3919126345679015,1.97879655471972e-06,0.59
2.311674409723595e-06,0.3919126830579092,2.311674409723595e-06,0.59
2.710725863294124e-06,0.3919126942862087,2.710725863294124e-06,0.59
3.182254630502459e-06,0.391912681634791,3.182254630502459e-06,0.59
3.741388419505259e-06,0.3919126718512604,3.741388419505259e-06,0.59
4.405724460500989e-06,0.3919126720094157,4.405724460500989e-06,0.59
5.196931736818286e-06,0.3919126745268121,5.196931736818286e-06,0.59
6.116674427597306e-06,0.391912674977665,6.116674427597306e-06,0.59
7.116674427597307e-06,0.3919126745937373,7.116674427597307e-06,0.59
8.116674427597308e-06,0.3919126744832886,8.116674427597308e-06,0.59
9.116674427597308e-06,0.3919126745217434,9.116674427597308e-06,0.59
1e-05,0.3919126745403679,1e-05,0.59
1.000001e-05,0.3919131105761428,1.000001e-05,0.61
1.000001263529064e-05,0.3919131772083345,1.000001263529064e-05,0.61
1.000001558384645e-05,0.3919132535148577,1.000001558384645e-05,0.61
1.000001839061885e-05,0.3919133237580636,1.000001839061885e-05,0.61
1.000002400416365e-05,0.3919134634235553,1.000002400416365e-05,0.61
1.000003523125325e-05,0.3919137392193388,1.000003523125325e-05,0.61
1.000005768543244e-05,0.3919142768070472,1.000005768543244e-05,0.61
1.000010259379083e-05,0.391915297026863,1.000010259379083e-05,0.61
1.000019241050762e-05,0.3919171257746015,1.000019241050762e-05,0.61
1.000037204394118e-05,0.3919199959235494,1.000037204394118e-05,0.61
1.00007313108083e-05,0.3919229897673903,1.00007313108083e-05,0.61
1.000113521999294e-05,0.3919226607481714,1.000113521999294e-05,0.61
1.000158513495989e-05,0.3919185734997151,1.000158513495989e-05,0.61
1.000210901047607e-05,0.3919099928561736,1.000210901047607e-05,0.61
1.00027388803051e-05,0.3918957134759378,1.00027388803051e-05,0.61
1.000354364459097e-05,0.3918734109676396,1.000354364459097e-05,0.61
1.000464805821214e-05,0.3918393421780591,1.000464805821214e-05,0.61
1.000632613665616e-05,0.3917883842005366,1.000632613665616e-05,0.61
1.000939835571286e-05,0.3917219953871565,1.000939835571286e-05,0.61
1.001381008469772e-05,0.3917234966425519,1.001381008469772e-05,0.61
1.001962480266464e-05,0.3919324306679729,1.001962480266464e-05,0.61
1.002769363212094e-05,0.3926296606155593,1.002769363212094e-05,0.61
1.00408144222291e-05,0.3947650052121641,1.00408144222291e-05,0.61
1.006705600244542e-05,0.402597584004627,1.006705600244542e-05,0.61
1.010577987623385e-05,0.4220477286696049,1.010577987623385e-05,0.61
1.014116696104479e-05,0.4469652579083474,1.014116696104479e-05,0.61
1.017429332639544e-05,0.475263217721194,1.017429332639544e-05,0.61
1.020616785119309e-05,0.5058385812044526,1.020616785119309e-05,0.61
1.023733308242785e-05,0.5378003061176303,1.023733308242785e-05,0.61
1.026898567368215e-05,0.5712986589115723,1.026898567368215e-05,0.61
1.030196337006183e-05,0.6062834949973553,1.030196337006183e-05,0.61
1.033696333094578e-05,0.6425009616967201,1.033696333094578e-05,0.61
1.037482423381277e-05,0.6796119334952845,1.037482423381277e-05,0.61
1.041626198224724e-05,0.7168251678464301,1.041626198224724e-05,0.61
1.046327706074989e-05,0.7538535493520584,1.046327706074989e-05,0.61
1.051814134075187e-05,0.7893339333020125,1.051814134075187e-05,0.61
1.058623284761256e-05,0.821484503261911,1.058623284761256e-05,0.61
1.066006542347644e-05,0.8430135695564486,1.066006542347644e-05,0.61
1.073418890450841e-05,0.853768045024525,1.073418890450841e-05,0.61
1.07952188644918e-05,0.8565297223665546,1.07952188644918e-05,0.61
1.085586538169494e-05,0.8553948126573022,1.085586538169494e-05,0.61
1.092068577005649e-05,0.8513162426703162,1.092068577005649e-05,0.61
1.098981775313498e-05,0.8450238891704404,1.098981775313498e-05,0.61
1.106462982316765e-05,0.8372297990631401,1.106462982316765e-05,0.61
1.114631850099295e-05,0.8287559706246908,1.114631850099295e-05,0.61
1.123686270290369e-05,0.8204835184696809,1.123686270290369e-05,0.61
1.134070306028996e-05,0.8132645863651538,1.134070306028996e-05,0.61
1.14327595071068e-05,0.8090946202727564,1.14327595071068e-05,0.61
1.154042064692192e-05,0.8066379697415107,1.154042064692192e-05,0.61
1.163567249395576e-05,0.8061594790625225,1.163567249395576e-05,0.61
1.178471806355075e-05,0.8072120340097517,1.178471806355075e-05,0.61
1.192187542442014e-05,0.8089777296464873,1.192187542442014e-05,0.61
1.207690495001901e-05,0.8108449584690919,1.207690495001901e-05,0.61
1.225874955610875e-05,0.8122201682176432,1.225874955610875e-05,0.61
1.248402884797395e-05,0.8127417057397767,1.248402884797395e-05,0.61
1.272701277045634e-05,0.8124815634655034,1.272701277045634e-05,0.61
1.30297096490363e-05,0.8119438185116878,1.30297096490363e-05,0.61
1.337956456629325e-05,0.8116238696542993,1.337956456629325e-05,0.61
1.385748375670276e-05,0.811629335547998,1.385748375670276e-05,0.61
1.45600874774622e-05,0.8117738844647109,1.45600874774622e-05,0.61
1.538801882555168e-05,0.8118096589240253,1.538801882555168e-05,0.61
1.638801882555168e-05,0.811784286929305,1.638801882555168e-05,0.61
1.738801882555168e-05,0.8117744859522966,1.738801882555168e-05,0.61
1.838801882555168e-05,0.8117767707441652,1.838801882555168e-05,0.61
1.919400941277584e-05,0.81177836597715,1.919400941277584e-05,0.61
2e-05,0.811778401296265,2e-05,0.61
2.000001e-05,0.8117781908720768,2.000001e-05,0.59
2.000001263529064e-05,0.8117781268222707,2.000001263529064e-05,0.59
2.000001558384645e-05,0.81177805404092,2.000001558384645e-05,0.59
2.000001839061885e-05,0.8117779861660853,2.000001839061885e-05,0.59
2.000002400416365e-05,0.8117778512298874,2.000002400416365e-05,0.59
2.000003523125325e-05,0.8117775846965827,2.000003523125325e-05,0.59
2.000005768543244e-05,0.811777064934767,2.000005768543244e-05,0.59
2.000010259379084e-05,0.8117760776800802,2.000010259379084e-05,0.59
2.000019241050762e-05,0.8117743046358531,2.000019241050762e-05,0.59
2.000037204394118e-05,0.8117715085761376,2.000037204394118e-05,0.59
2.00007313108083e-05,0.8117685356095635,2.00007313108083e-05,0.59
2.000113735917538e-05,0.8117687250126016,2.000113735917538e-05,0.59
2.000158957649779e-05,0.8117725056501066,2.000158957649779e-05,0.59
2.000211596642055e-05,0.8117805366950286,2.000211596642055e-05,0.59
2.000274952280132e-05,0.8117938963557849,2.000274952280132e-05,0.59
2.000356127233029e-05,0.8118146329616031,2.000356127233029e-05,0.59
2.000468163158728e-05,0.8118458433556799,2.000468163158728e-05,0.59
2.00064021483331e-05,0.8118905781643934,2.00064021483331e-05,0.59
2.000963296348152e-05,0.8119369278147571,2.000963296348152e-05,0.59
2.001404983573741e-05,0.8118863175327058,2.001404983573741e-05,0.59
2.001978092281001e-05,0.8115978463823246,2.001978092281001e-05,0.59
2.002773234671321e-05,0.8107724769517165,2.002773234671321e-05,0.59
2.003999429165235e-05,0.8085640417371351,2.003999429165235e-05,0.59
2.006451818153064e-05,0.800979166337797,2.006451818153064e-05,0.59
2.009752461195242e-05,0.7847319983409164,2.009752461195242e-05,0.59
2.013745353000146e-05,0.7572538973671328,2.013745353000146e-05,0.59
2.017750117592771e-05,0.7230902000487034,2.017750117592771e-05,0.59
2.021526370985219e-05,0.6867435614970989,2.021526370985219e-05,0.59
2.025254509537005e-05,0.6486461807516971,2.025254509537005e-05,0.59
2.029063444444865e-05,0.6089971877409385,2.029063444444865e-05,0.59
2.033045053138923e-05,0.5681933285997894,2.033045053138923e-05,0.59
2.037282171984011e-05,0.5268342214716076,2.037282171984011e-05,0.59
2.041855607178216e-05,0.485831353184437,2.041855607178216e-05,0.59
2.046883037227788e-05,0.4462570674662051,2.046883037227788e-05,0.59
2.052554477036677e-05,0.4094568595331224,2.052554477036677e-05,0.59
2.059349264374361e-05,0.3768264469409741,2.059349264374361e-05,0.59
2.065354392982521e-05,0.3579663047643495,2.065354392982521e-05,0.59
2.069988946580319e-05,0.3490854123423026,2.069988946580319e-05,0.59
2.074619921798366e-05,0.3443242954571435,2.074619921798366e-05,0.59
2.07933594638668e-05,0.3428939305088008,2.07933594638668e-05,0.59
2.08545424808557e-05,0.3448600579040222,2.08545424808557e-05,0.59
2.091845106786477e-05,0.3501024786235072,2.091845106786477e-05,0.59
2.098365738422575e-05,0.3574322370510054,2.098365738422575e-05,0.59
2.104905156746303e-05,0.3656068309328154,2.104905156746303e-05,0.59
2.112270539067137e-05,0.3746100453950139,2.112270539067137e-05,0.59
2.120477352626341e-05,0.3833356120053791,2.120477352626341e-05,0.59
2.129919062511263e-05,0.3908989720814054,2.129919062511263e-05,0.59
2.141878365073152e-05,0.3965218839801167,2.141878365073152e-05,0.59
2.150478654935746e-05,0.3981837892464027,2.150478654935746e-05,0.59
2.165064198845104e-05,0.3980671851520945,2.165064198845104e-05,0.59
2.176547468660303e-05,0.396504455709909,2.176547468660303e-05,0.59
2.188818002450675e-05,0.3944672423918064,2.188818002450675e-05,0.59
2.203588592385358e-05,0.3924420386657338,2.203588592385358e-05,0.59
2.221099652608202e-05,0.3911106051882758,2.221099652608202e-05,0.59
2.240754567589491e-05,0.3907843264726877,2.240754567589491e-05,0.59
2.26244859736433e-05,0.3911634778632302,2.26244859736433e-05,0.59
2.290584861385265e-05,0.3917846997785069,2.290584861385265e-05,0.59
2.322289845231066e-05,0.3921143608686525,2.322289845231066e-05,0.59
2.366987698282861e-05,0.3920824225904295,2.366987698282861e-05,0.59
2.429980308522024e-05,0.3919114251672817,2.429980308522024e-05,0.59
2.502540985016876e-05,0.3918729172815281,2.502540985016876e-05,0.59
2.602540985016876e-05,0.3919061656368042,2.602540985016876e-05,0.59
2.702540985016876e-05,0.3919173160832231,2.702540985016876e-05,0.59
2.802540985016876e-05,0.3919137849885471,2.802540985016876e-05,0.59
2.902540985016876e-05,0.3919118217131041,2.902540985016876e-05,0.59
3e-05,0.3919120510120914,3e-05,0.5900000000067762
3.000001e-05,0.39191247328916,3.000001e-05,0.61
3.000001263529065e-05,0.3919125399265255,3.000001263529065e-05,0.61
3.000001558384646e-05,0.3919126905863031,3.000001558384646e-05,0.61
3.000001839061886e-05,0.3919127609856154,3.000001839061886e-05,0.61
3.000002400416366e-05,0.3919129009951695,3.000002400416366e-05,0.61
3.000003523125326e-05,0.391913177503666,3.000003523125326e-05,0.61
3.000005768543245e-05,0.391913716530459,3.000005768543245e-05,0.61
3.000010259379084e-05,0.3919147396154344,3.000010259379084e-05,0.61
3.000019241050762e-05,0.3919165739891731,3.000019241050762e-05,0.61
3.000037204394118e-05,0.391919454946766,3.000037204394118e-05,0.61
3.000073131080831e-05,0.3919224687342528,3.000073131080831e-05,0.61
3.000113779315367e-05,0.3919221480017831,3.000113779315367e-05,0.61
3.000159094623941e-05,0.3919180211285921,3.000159094623941e-05,0.61
3.000211890084595e-05,0.3919093429943585,3.000211890084595e-05,0.61
3.000275433822836e-05,0.3918948886062044,3.000275433822836e-05,0.61
3.000356731073738e-05,0.3918723008397899,3.000356731073738e-05,0.61
3.000468564390058e-05,0.391837777965192,3.000468564390058e-05,0.61
3.00063922177248e-05,0.3917861637743267,3.00063922177248e-05,0.61
3.000954829905025e-05,0.3917197386002735,3.000954829905025e-05,0.61
3.001405612714643e-05,0.391727231070397,3.001405612714643e-05,0.61
3.002001891367443e-05,0.3919552892968968,3.002001891367443e-05,0.61
3.002833993765996e-05,0.3927057545369518,3.002833993765996e-05,0.61
3.004204480380815e-05,0.3950272263317252,3.004204480380815e-05,0.61
3.006945453610453e-05,0.4035381905027421,3.006945453610453e-05,0.61
3.011573971484013e-05,0.4283222850551024,3.011573971484013e-05,0.61
3.01598656396164e-05,0.4620412590166593,3.01598656396164e-05,0.61
3.020014389762587e-05,0.4991946195826742,3.020014389762587e-05,0.61
3.023855117456798e-05,0.5382117320841338,3.023855117456798e-05,0.61
3.027583959631521e-05,0.5776462614198643,3.027583959631521e-05,0.61
3.03134722226147e-05,0.6174144169046669,3.03134722226147e-05,0.61
3.035268162813306e-05,0.6574001772014502,3.035268162813306e-05,0.61
3.039459867153479e-05,0.6972038538769556,3.039459867153479e-05,0.61
3.044019711253081e-05,0.7359621653608399,3.044019711253081e-05,0.61
3.049262047665731e-05,0.7736954364090066,3.049262047665731e-05,0.61
3.055420956633401e-05,0.8080109946164005,3.055420956633401e-05,0.61
3.062633518962123e-05,0.8349426268002821,3.062633518962123e-05,0.61
3.065909316021085e-05,0.8429274955858161,3.065909316021085e-05,0.61
3.071511122700125e-05,0.8517289362117284,3.071511122700125e-05,0.61
3.07765530786101e-05,0.8558584470882106,3.07765530786101e-05,0.61
3.083709852803755e-05,0.8557181309097426,3.083709852803755e-05,0.61
3.090162497210945e-05,0.8523927389623224,3.090162497210945e-05,0.61
3.097032102810172e-05,0.8466116093430873,3.097032102810172e-05,0.61
3.104397220037491e-05,0.8391514658503092,3.104397220037491e-05,0.61
3.112392815271486e-05,0.8308111200073781,3.112392815271486e-05,0.61
3.12119954846689e-05,0.8224532994148975,3.12119954846689e-05,0.61
3.131183156524131e-05,0.814930239569796,3.131183156524131e-05,0.61
3.143259458156554e-05,0.8090522899719785,3.143259458156554e-05,0.61
3.152659099240682e-05,0.8067733105331277,3.152659099240682e-05,0.61
3.165326285774333e-05,0.8060943064815044,3.165326285774333e-05,0.61
3.176409293760713e-05,0.8069407889837679,3.176409293760713e-05,0.61
3.188297692768557e-05,0.8084963234677318,3.188297692768557e-05,0.61
3.203530834528923e-05,0.8104614130675598,3.203530834528923e-05,0.61
3.220888398204014e-05,0.8119885553489478,3.220888398204014e-05,0.61
3.24325433555522e-05,0.8127309042293976,3.24325433555522e-05,0.61
3.266968272746309e-05,0.8125788791233773,3.266968272746309e-05,0.61
3.295233154791246e-05,0.8120572298760008,3.295233154791246e-05,0.61
3.328936886977203e-05,0.8116627491950351,3.328936886977203e-05,0.61
3.37226017695464e-05,0.811603653344232,3.37226017695464e-05,0.61
3.436267600721349e-05,0.8117460198125447,3.436267600721349e-05,0.61
3.515422522012847e-05,0.8118111175356777,3.515422522012847e-05,0.61
3.615422522012847e-05,0.8117895813333328,3.615422522012847e-05,0.61
3.715422522012847e-05,0.8117746956424081,3.715422522012847e-05,0.61
3.815422522012846e-05,0.8117758171974838,3.815422522012846e-05,0.61
3.915422522012846e-05,0.8117780240182711,3.915422522012846e-05,0.61
4e-05,0.8117781682874115,4e-05,0.61
4.000001e-05,0.8117779584201967,4.000001e-05,0.59
4.000001263529064e-05,0.8117778944196282,4.000001263529064e-05,0.59
4.000001558384645e-05,0.8117777363097085,4.000001558384645e-05,0.59
4.000001839061885e-05,0.811777668188072,4.000001839061885e-05,0.59
4.000002400416365e-05,0.8117775327139831,4.000002400416365e-05,0.59
4.000003523125325e-05,0.8117772650713373,4.000003523125325e-05,0.59
4.000005768543244e-05,0.8117767430719207,4.000005768543244e-05,0.59
4.000010259379083e-05,0.8117757513585169,4.000010259379083e-05,0.59
4.000019241050761e-05,0.8117739695346359,4.000019241050761e-05,0.59
4.000037204394118e-05,0.8117711565076622,4.000037204394118e-05,0.59
4.00007313108083e-05,0.8117681518790681,4.00007313108083e-05,0.59
4.000113735836571e-05,0.8117683088776479,4.000113735836571e-05,0.59
4.000158957476193e-05,0.8117720572376435,4.000158957476193e-05,0.59
4.000211596366905e-05,0.8117800551978488,4.000211596366905e-05,0.59
4.000274951890005e-05,0.811793380588773,4.000274951890005e-05,0.59
4.000356126714453e-05,0.8118140807207351,4.000356126714453e-05,0.59
4.000468162492674e-05,0.8118452516991945,4.000468162492674e-05,0.59
4.000640214017252e-05,0.8118899435257164,4.000640214017252e-05,0.59
4.000963295764621e-05,0.811936246521786,4.000963295764621e-05,0.59
4.001404988419469e-05,0.8118856091598741,4.001404988419469e-05,0.59
4.001978125062034e-05,0.8115971143000111,4.001978125062034e-05,0.59
4.002773320171851e-05,0.8107716816800936,4.002773320171851e-05,0.59
4.003999643691138e-05,0.8085629594757686,4.003999643691138e-05,0.59
4.006452290729713e-05,0.8009769238273506,4.006452290729713e-05,0.59
4.009753141482105e-05,0.7847278933786577,4.009753141482105e-05,0.59
4.013746323268698e-05,0.7572465744057938,4.013746323268698e-05,0.59
4.017751087102951e-05,0.7230818248565309,4.017751087102951e-05,0.59
4.021527321313665e-05,0.6867347735805425,4.021527321313665e-05,0.59
4.025255473738968e-05,0.6486370101666875,4.025255473738968e-05,0.59
4.029064431600498e-05,0.6089878393515776,4.029064431600498e-05,0.59
4.033046082996576e-05,0.5681838981075766,4.033046082996576e-05,0.59
4.037283263952145e-05,0.5268248535894695,4.037283263952145e-05,0.59
4.041856783072659e-05,0.4858222528681955,4.041856783072659e-05,0.59
4.046884331923665e-05,0.4462484704856538,4.046884331923665e-05,0.59
4.052555951378067e-05,0.4094490762585762,4.052555951378067e-05,0.59
4.059351083963876e-05,0.3768198405779347,4.059351083963876e-05,0.59
4.065356399967408e-05,0.357961737225084,4.065356399967408e-05,0.59
4.069991188741301e-05,0.3490823026646171,4.069991188741301e-05,0.59
4.074622064927018e-05,0.3443229306197569,4.074622064927018e-05,0.59
4.079338498522778e-05,0.342893853987614,4.079338498522778e-05,0.59
4.085456884962175e-05,0.3448615052433487,4.085456884962175e-05,0.59
4.091847816443153e-05,0.3501050194912829,4.091847816443153e-05,0.59
4.098368488165539e-05,0.3574353777392388,4.098368488165539e-05,0.59
4.10490830508901e-05,0.3656105882053699,4.10490830508901e-05,0.59
4.112274629687799e-05,0.3746145976947673,4.112274629687799e-05,0.59
4.120481916773845e-05,0.383339774168555,4.120481916773845e-05,0.59
4.129924407597307e-05,0.3909023419110023,4.129924407597307e-05,0.59
4.141884062390305e-05,0.396523562383309,4.141884062390305e-05,0.59
4.150484547959768e-05,0.3981843967880752,4.150484547959768e-05,0.59
4.165072470764811e-05,0.398066457445638,4.165072470764811e-05,0.59
4.176557419567353e-05,0.396503011024409,4.176557419567353e-05,0.59
4.188830576649855e-05,0.394465418966595,4.188830576649855e-05,0.59
4.203602698569974e-05,0.3924405985210688,4.203602698569974e-05,0.59
4.221117016829525e-05,0.391109865763877,4.221117016829525e-05,0.59
4.240772740595187e-05,0.3907843942789935,4.240772740595187e-05,0.59
4.262469356562368e-05,0.3911639401249724,4.262469356562368e-05,0.59
4.29061486330078e-05,0.3917851955068279,4.29061486330078e-05,0.59
4.32232593233997e-05,0.3921144988659639,4.32232593233997e-05,0.59
4.367046637697e-05,0.3920822605447803,4.367046637697e-05,0.59
4.430070758523484e-05,0.3919112942089019,4.430070758523484e-05,0.59
4.502653319069488e-05,0.3918729354923023,4.502653319069488e-05,0.59
4.602653319069488e-05,0.3919061926868269,4.602653319069488e-05,0.59
4.702653319069488e-05,0.3919173142250649,4.702653319069488e-05,0.59
4.802653319069487e-05,0.3919137793895389,4.802653319069487e-05,0.59
4.902653319069487e-05,0.3919118195101945,4.902653319069487e-05,0.59
5.000000000000001e-05,0.3919120496306998,5.000000000000001e-05,0.5900000000135525
5.000001e-05,0.3919124718959665,5.000001e-05,0.61
5.000001263529064e-05,0.3919125385333685,5.000001263529064e-05,0.61
5.000001558384645e-05,0.391912689308736,5.000001558384645e-05,0.61
5.000001839061885e-05,0.3919127597082984,5.000001839061885e-05,0.61
5.000002400416365e-05,0.3919128997183911,5.000002400416365e-05,0.61
5.000003523125325e-05,0.3919131762279944,5.000003523125325e-05,0.61
5.000005768543244e-05,0.3919137152570141,5.000005768543244e-05,0.61
5.000010259379083e-05,0.3919147383464116,5.000010259379083e-05,0.61
5.000019241050761e-05,0.3919165727288049,5.000019241050761e-05,0.61
5.000037204394118e-05,0.3919194537029246,5.000037204394118e-05,0.61
5.00007313108083e-05,0.3919224675205267,5.00007313108083e-05,0.61
5.000113779315379e-05,0.3919221468178369,5.000113779315379e-05,0.61
5.000159094623969e-05,0.3919180199731049,5.000159094623969e-05,0.61
5.000211890084643e-05,0.3919093418666112,5.000211890084643e-05,0.61
5.00027543382291e-05,0.3918948875053883,5.00027543382291e-05,0.61
5.000356731073852e-05,0.3918722997651928,5.000356731073852e-05,0.61
5.000468564390245e-05,0.3918377769153351,5.000468564390245e-05,0.61
5.000639221772843e-05,0.391786162745335,5.000639221772843e-05,0.61
5.000954829906163e-05,0.391719737581572,5.000954829906163e-05,0.61
5.001405630079452e-05,0.3917272331187063,5.001405630079452e-05,0.61
5.002001935911677e-05,0.3919553151306385,5.002001935911677e-05,0.61
5.002834083048986e-05,0.3927058610115466,5.002834083048986e-05,0.61
5.004204662408685e-05,0.3950276211551527,5.004204662408685e-05,0.61
5.006945821128085e-05,0.4035396580212022,5.006945821128085e-05,0.61
5.011574378534679e-05,0.428324982290453,5.011574378534679e-05,0.61
5.015986929355694e-05,0.462044394335146,5.015986929355694e-05,0.61
5.02001473179045e-05,0.49919797449305,5.02001473179045e-05,0.61
5.023855444590157e-05,0.5382151560673876,5.023855444590157e-05,0.61
5.027584283633087e-05,0.5776497136747805,5.027584283633087e-05,0.61
5.031347555239373e-05,0.6174178985806502,5.031347555239373e-05,0.61
5.035268514465072e-05,0.6574036651183452,5.035268514465072e-05,0.61
5.03946024840226e-05,0.6972073087621872,5.03946024840226e-05,0.61
5.044020131038239e-05,0.735965491856009,5.044020131038239e-05,0.61
5.049262541685707e-05,0.7736986312950355,5.049262541685707e-05,0.61
5.055421557608139e-05,0.8080138180322872,5.055421557608139e-05,0.61
5.062634054169962e-05,0.8349441465933939,5.062634054169962e-05,0.61
5.06590990593095e-05,0.8429287503069984,5.06590990593095e-05,0.61
5.071511608629745e-05,0.8517294835597062,5.071511608629745e-05,0.61
5.077655755779125e-05,0.8558585757525703,5.077655755779125e-05,0.61
5.083710331948499e-05,0.855717988910262,5.083710331948499e-05,0.61
5.090163012276296e-05,0.8523923759676049,5.090163012276296e-05,0.61
5.097032659760691e-05,0.8466110796597591,5.097032659760691e-05,0.61
5.104397825254476e-05,0.8391508305449784,5.104397825254476e-05,0.61
5.112393476498364e-05,0.8308104482513443,5.112393476498364e-05,0.61
5.121200283708341e-05,0.8224526608214355,5.121200283708341e-05,0.61
5.131184007299034e-05,0.8149297002374093,5.131184007299034e-05,0.61
5.143260543314162e-05,0.8090519140519526,5.143260543314162e-05,0.61
5.152660237561823e-05,0.806773132889314,5.152660237561823e-05,0.61
5.165327716502444e-05,0.8060943358347643,5.165327716502444e-05,0.61
5.176410968123381e-05,0.8069409584323743,5.176410968123381e-05,0.61
5.188299726420184e-05,0.8084965840696134,5.188299726420184e-05,0.61
5.203533055788414e-05,0.8104616547490616,5.203533055788414e-05,0.61
5.220891020823165e-05,0.8119887158136211,5.220891020823165e-05,0.61
5.24325658388856e-05,0.8127309218440205,5.24325658388856e-05,0.61
5.266970546877842e-05,0.8125788344327568,5.266970546877842e-05,0.61
5.29523621104274e-05,0.8120571717638871,5.29523621104274e-05,0.61
5.328940296889123e-05,0.8116627255003135,5.328940296889123e-05,0.61
5.372265315101304e-05,0.8116036618883333,5.372265315101304e-05,0.61
5.436274883150312e-05,0.8117460335197801,5.436274883150312e-05,0.61
5.515430402533272e-05,0.8118111176623065,5.515430402533272e-05,0.61
5.615430402533272e-05,0.8117895784709012,5.615430402533272e-05,0.61
5.715430402533272e-05,0.8117746950003328,5.715430402533272e-05,0.61
5.815430402533271e-05,0.8117758172822841,5.815430402533271e-05,0.61
5.915430402533271e-05,0.8117780239083708,5.915430402533271e-05,0.61
6e-05,0.8117781680617817,6e-05,0.61
6.000001e-05,0.811777958194559,6.000001e-05,0.590000000001989
6.000001263529064e-05,0.8117778941939919,6.000001263529064e-05,0.59
6.000001558384646e-05,0.8117777360915677,6.000001558384646e-05,0.59
6.000001839061886e-05,0.8117776679699539,6.000001839061886e-05,0.59
6.000002400416366e-05,0.8117775324959137,6.000002400416366e-05,0.59
6.000003523125325e-05,0.8117772648533673,6.000003523125325e-05,0.59
6.000005768543245e-05,0.8117767428541511,6.000005768543245e-05,0.59
6.000010259379084e-05,0.8117757511411468,6.000010259379084e-05,0.59
6.000019241050762e-05,0.8117739693180529,6.000019241050762e-05,0.59
6.000037204394118e-05,0.8117711562926038,6.000037204394118e-05,0.59
6.000073131080831e-05,0.8117681516668687,6.000073131080831e-05,0.59
6.000113735836571e-05,0.8117683086683976,6.000113735836571e-05,0.59
6.000158957476194e-05,0.8117720570313596,6.000158957476194e-05,0.59
6.000211596366905e-05,0.8117800549946452,6.000211596366905e-05,0.59
6.000274951890004e-05,0.811793380388818,6.000274951890004e-05,0.59
6.00035612671445e-05,0.8118140805243318,6.00035612671445e-05,0.59
6.000468162492668e-05,0.8118452515068045,6.000468162492668e-05,0.59
6.000640214017237e-05,0.8118899433380571,6.000640214017237e-05,0.59
6.000963295764556e-05,0.8119362463403175,6.000963295764556e-05,0.59
6.001404988419389e-05,0.8118856089843097,6.001404988419389e-05,0.59
6.001978125061931e-05,0.8115971141311447,6.001978125061931e-05,0.59
6.002773320171661e-05,0.8107716815223777,6.002773320171661e-05,0.59
6.003999643690793e-05,0.8085629593452904,6.003999643690793e-05,0.59
6.006452290729059e-05,0.8009769237644925,6.006452290729059e-05,0.59
6.009753141481165e-05,0.7847278934049241,6.009753141481165e-05,0.59
6.013746323267585e-05,0.7572465745224491,6.013746323267585e-05,0.59
6.017751087114181e-05,0.7230818249276459,6.017751087114181e-05,0.59
6.021527321328498e-05,0.6867347736481139,6.021527321328498e-05,0.59
6.025255473753279e-05,0.6486370102573628,6.025255473753279e-05,0.59
6.029064431612944e-05,0.6089878394709681,6.029064431612944e-05,0.59
6.033046083006105e-05,0.5681838982586055,6.033046083006105e-05,0.59
6.037283263958672e-05,0.5268248537633907,6.037283263958672e-05,0.59
6.041856783076207e-05,0.485822253053298,6.041856783076207e-05,0.59
6.046884331923848e-05,0.4462484706710461,6.046884331923848e-05,0.59
6.052555951373839e-05,0.409449076433053,6.052555951373839e-05,0.59
6.059351083951595e-05,0.3768198407310427,6.059351083951595e-05,0.59
6.065356399956963e-05,0.3579617373190244,6.065356399956963e-05,0.59
6.069991188731661e-05,0.3490823027228534,6.069991188731661e-05,0.59
6.074622064924109e-05,0.3443229306451357,6.074622064924109e-05,0.59
6.079338498516631e-05,0.3428938539940616,6.079338498516631e-05,0.59
6.085456884955121e-05,0.3448615052290233,6.085456884955121e-05,0.59
6.091847816435254e-05,0.3501050194618627,6.091847816435254e-05,0.59
6.098368488160988e-05,0.3574353777055504,6.098368488160988e-05,0.59
6.104908305083503e-05,0.3656105881680246,6.104908305083503e-05,0.59
6.112274629675088e-05,0.3746145976511842,6.112274629675088e-05,0.59
6.120481916756424e-05,0.3833397741280007,6.120481916756424e-05,0.59
6.129924407571654e-05,0.3909023418773682,6.129924407571654e-05,0.59
6.141884062367187e-05,0.3965235623681114,6.141884062367187e-05,0.59
6.150484547936344e-05,0.3981843967825457,6.150484547936344e-05,0.59
6.165072470724663e-05,0.3980664574515178,6.165072470724663e-05,0.59
6.176557419514422e-05,0.3965030110361377,6.176557419514422e-05,0.59
6.188830576575591e-05,0.3944654189814607,6.188830576575591e-05,0.59
6.203602698483348e-05,0.3924405985328282,6.203602698483348e-05,0.59
6.221117016716208e-05,0.3911098657699434,6.221117016716208e-05,0.59
6.240772740475431e-05,0.3907843942784671,6.240772740475431e-05,0.59
6.262469356421739e-05,0.3911639401212162,6.262469356421739e-05,0.59
6.290614863084987e-05,0.3917851955027817,6.290614863084987e-05,0.59
6.322325932074839e-05,0.3921144988648225,6.322325932074839e-05,0.59
6.36704663724592e-05,0.3920822605460859,6.36704663724592e-05,0.59
6.430070757816677e-05,0.3919112942099586,6.430070757816677e-05,0.59
6.50265331818581e-05,0.3918729354921459,6.50265331818581e-05,0.59
6.60265331818581e-05,0.3919061926865978,6.60265331818581e-05,0.59
6.70265331818581e-05,0.3919173142250683,6.70265331818581e-05,0.59
6.80265331818581e-05,0.3919137793895734,6.80265331818581e-05,0.59
6.902653318185809e-05,0.3919118195102025,6.902653318185809e-05,0.59
7.000000000000001e-05,0.3919120494416664,7.000000000000001e-05,0.59
7.000001000000001e-05,0.3919124717069308,7.000001000000001e-05,0.61
7.000001263529065e-05,0.3919125383443322,7.000001263529065e-05,0.61
7.000001558384646e-05,0.3919126891197267,7.000001558384646e-05,0.61
7.000001839061887e-05,0.3919127595192884,7.000001839061887e-05,0.61
7.000002400416368e-05,0.3919128995293801,7.000002400416368e-05,0.61
7.000003523125331e-05,0.3919131760389813,7.000003523125331e-05,0.61
7.000005768543256e-05,0.3919137150679968,7.000005768543256e-05,0.61
7.000010259379105e-05,0.3919147381573854,7.000010259379105e-05,0.61
7.000019241050805e-05,0.3919165725397594,7.000019241050805e-05,0.61
7.000037204394205e-05,0.391919453513836,7.000037204394205e-05,0.61
7.000073131081004e-05,0.3919224673313375,7.000073131081004e-05,0.61
7.000113779315564e-05,0.3919221466285196,7.000113779315564e-05,0.61
7.000159094624166e-05,0.3919180197836424,7.000159094624166e-05,0.61
7.000211890084861e-05,0.3919093416769762,7.000211890084861e-05,0.61
7.000275433823163e-05,0.3918948873155412,7.000275433823163e-05,0.61
7.000356731074173e-05,0.3918722995750668,7.000356731074173e-05,0.61
7.000468564390696e-05,0.3918377767248174,7.000468564390696e-05,0.61
7.000639221773571e-05,0.3917861625542257,7.000639221773571e-05,0.61
7.000954829907712e-05,0.3917197373895138,7.000954829907712e-05,0.61
7.001405630081309e-05,0.3917272329258465,7.001405630081309e-05,0.61
7.002001935914028e-05,0.3919553149372572,7.002001935914028e-05,0.61
7.002834083052323e-05,0.3927058608187502,7.002834083052323e-05,0.61
7.004204662415056e-05,0.3950276209694256,7.004204662415056e-05,0.61
7.006945821140523e-05,0.4035396578679064,7.006945821140523e-05,0.61
7.011574378547519e-05,0.4283249821737468,7.011574378547519e-05,0.61
7.015986929367627e-05,0.4620443942445461,7.015986929367627e-05,0.61
7.020014731801541e-05,0.499197974422347,7.020014731801541e-05,0.61
7.023855444600065e-05,0.5382151560082049,7.023855444600065e-05,0.61
7.02758428364211e-05,0.5776497136264265,7.02758428364211e-05,0.61
7.031347555247816e-05,0.6174178985441747,7.031347555247816e-05,0.61
7.035268514473136e-05,0.6574036650943744,7.035268514473136e-05,0.61
7.03946024841012e-05,0.6972073087510424,7.03946024841012e-05,0.61
7.044020131045937e-05,0.7359654918565185,7.044020131045937e-05,0.61
7.049262541693665e-05,0.773698631308348,7.049262541693665e-05,0.61
7.055421557616554e-05,0.8080138180552647,7.055421557616554e-05,0.61
7.062634054175866e-05,0.8349441466114126,7.062634054175866e-05,0.61
7.065909905936396e-05,0.8429287503254386,7.065909905936396e-05,0.61
7.071511608633037e-05,0.8517294835769396,7.071511608633037e-05,0.61
7.077655755780742e-05,0.8558585757706026,7.077655755780742e-05,0.61
7.083710331949026e-05,0.8557179889292612,7.083710331949026e-05,0.61
7.090163012275719e-05,0.8523923759870423,7.090163012275719e-05,0.61
7.097032659759015e-05,0.8466110796788541,7.097032659759015e-05,0.61
7.104397825251638e-05,0.8391508305628289,7.104397825251638e-05,0.61
7.112393476494172e-05,0.8308104482670506,7.112393476494172e-05,0.61
7.121200283702434e-05,0.8224526608341618,7.121200283702434e-05,0.61
7.131184007290648e-05,0.8149297002464635,7.131184007290648e-05,0.61
7.143260543301243e-05,0.8090519140567697,7.143260543301243e-05,0.61
7.152660237546592e-05,0.8067731328904395,7.152660237546592e-05,0.61
7.165327716479795e-05,0.8060943358321889,7.165327716479795e-05,0.61
7.176410968094506e-05,0.8069409584273991,7.176410968094506e-05,0.61
7.188299726382604e-05,0.8084965840632404,7.188299726382604e-05,0.61
7.203533055745094e-05,0.8104616547435803,7.203533055745094e-05,0.61
7.220891020769463e-05,0.8119887158102549,7.220891020769463e-05,0.61
7.243256583838472e-05,0.8127309218439073,7.243256583838472e-05,0.61
7.266970546822272e-05,0.8125788344340577,7.266970546822272e-05,0.61
7.295236210963682e-05,0.8120571717653992,7.295236210963682e-05,0.61
7.328940296795749e-05,0.8116627255008737,7.328940296795749e-05,0.61
7.372265314958541e-05,0.8116036618880484,7.372265314958541e-05,0.61
7.436274882940483e-05,0.8117460335194041,7.436274882940483e-05,0.61
7.51543040229262e-05,0.8118111176623165,7.51543040229262e-05,0.61
7.615430402292619e-05,0.8117895784709848,7.615430402292619e-05,0.61
7.715430402292619e-05,0.8117746950003493,7.715430402292619e-05,0.61
7.815430402292619e-05,0.8117758172822811,7.815430402292619e-05,0.61
7.915430402292619e-05,0.8117780239083737,7.915430402292619e-05,0.61
8.000000000000001e-05,0.8117781680617892,8.000000000000001e-05,0.61
8.000001000000001e-05,0.8117779581945664,8.000001000000001e-05,0.590000000001989
8.000001263529065e-05,0.8117778941939994,8.000001263529065e-05,0.59
8.000001558384646e-05,0.811777736091575,8.000001558384646e-05,0.59
8.000001839061887e-05,0.811777667969961,8.000001839061887e-05,0.59
8.000002400416368e-05,0.8117775324959206,8.000002400416368e-05,0.59
8.000003523125331e-05,0.8117772648533738,8.000003523125331e-05,0.59
8.000005768543255e-05,0.8117767428541567,8.000005768543255e-05,0.59
8.000010259379105e-05,0.8117757511411504,8.000010259379105e-05,0.59
8.000019241050805e-05,0.8117739693180533,8.000019241050805e-05,0.59
8.000037204394205e-05,0.8117711562926009,8.000037204394205e-05,0.59
8.000073131081004e-05,0.81176815166687,8.000073131081004e-05,0.59
8.000113735836764e-05,0.811768308668414,8.000113735836764e-05,0.59
8.000158957476409e-05,0.8117720570313927,8.000158957476409e-05,0.59
8.000211596367155e-05,0.8117800549946984,8.000211596367155e-05,0.59
8.000274951890308e-05,0.8117933803888969,8.000274951890308e-05,0.59
8.000356126714852e-05,0.8118140805244484,8.000356126714852e-05,0.59
8.00046816249325e-05,0.811845251506975,8.00046816249325e-05,0.59
8.000640214018205e-05,0.8118899433382892,8.000640214018205e-05,0.59
8.00096329576671e-05,0.8119362463404169,8.00096329576671e-05,0.59
8.001404988422102e-05,0.8118856089835563,8.001404988422102e-05,0.59
8.001978125065436e-05,0.8115971141286042,8.001978125065436e-05,0.59
8.002773320176659e-05,0.8107716815156799,8.002773320176659e-05,0.59
8.003999643698975e-05,0.8085629593269074,8.003999643698975e-05,0.59
8.006452290743606e-05,0.8009769237076024,8.006452290743606e-05,0.59
8.009753141496996e-05,0.7847278933116857,8.009753141496996e-05,0.59
8.013746323287669e-05,0.7572465743659087,8.013746323287669e-05,0.59
8.017751087133398e-05,0.723081824751533,8.017751087133398e-05,0.59
8.021527321346866e-05,0.6867347734648297,8.021527321346866e-05,0.59
8.025255473771879e-05,0.6486370100647216,8.025255473771879e-05,0.59
8.029064431632125e-05,0.6089878392721098,8.029064431632125e-05,0.59
8.033046083026319e-05,0.5681838980555709,8.033046083026319e-05,0.59
8.037283263980328e-05,0.5268248535597141,8.037283263980328e-05,0.59
8.041856783099756e-05,0.485822252853939,8.041856783099756e-05,0.59
8.046884331950034e-05,0.4462484704815933,8.046884331950034e-05,0.59
8.052555951403983e-05,0.409449076260662,8.052555951403983e-05,0.59
8.059351083989353e-05,0.3768198405839144,8.059351083989353e-05,0.59
8.065356399993509e-05,0.3579617372298255,8.065356399993509e-05,0.59
8.069991188767848e-05,0.3490823026690955,8.069991188767848e-05,0.59
8.07462206495404e-05,0.3443229306243263,8.07462206495404e-05,0.59
8.079338498550213e-05,0.3428938539925719,8.079338498550213e-05,0.59
8.085456884989867e-05,0.3448615052487624,8.085456884989867e-05,0.59
8.09184781647108e-05,0.3501050194968576,8.09184781647108e-05,0.59
8.098368488193843e-05,0.3574353777448237,8.098368488193843e-05,0.59
8.10490830511788e-05,0.3656105882109267,8.10490830511788e-05,0.59
8.112274629717635e-05,0.3746145977003204,8.112274629717635e-05,0.59
8.120481916804282e-05,0.383339774173117,8.120481916804282e-05,0.59
8.129924407628663e-05,0.3909023419142718,8.129924407628663e-05,0.59
8.141884062422576e-05,0.396523562384651,8.141884062422576e-05,0.59
8.150484547992648e-05,0.3981843967882014,8.150484547992648e-05,0.59
8.16507247080039e-05,0.3980664574442989,8.16507247080039e-05,0.59
8.176557419605167e-05,0.3965030110223602,8.176557419605167e-05,0.59
8.188830576691152e-05,0.3944654189642219,8.188830576691152e-05,0.59
8.203602698613524e-05,0.39244059851928,8.203602698613524e-05,0.59
8.221117016877483e-05,0.3911098657630285,8.221117016877483e-05,0.59
8.240772740644962e-05,0.3907843942791642,8.240772740644962e-05,0.59
8.262469356616357e-05,0.3911639401256249,8.262469356616357e-05,0.59
8.290614863367782e-05,0.3917851955074816,8.290614863367782e-05,0.59
8.322325932416059e-05,0.3921144988661174,8.322325932416059e-05,0.59
8.367046637804781e-05,0.392082260544536,8.367046637804781e-05,0.59
8.430070758676571e-05,0.3919112942087152,8.430070758676571e-05,0.59
8.502653319255832e-05,0.3918729354923232,8.502653319255832e-05,0.59
8.602653319255832e-05,0.3919061926868552,8.602653319255832e-05,0.59
8.702653319255832e-05,0.3919173142250514,8.702653319255832e-05,0.59
8.802653319255832e-05,0.3919137793895207,8.802653319255832e-05,0.59
8.902653319255831e-05,0.39191181951018,8.902653319255831e-05,0.59
9.000000000000001e-05,0.3919120494416534,9.000000000000001e-05,0.59
9.000001000000001e-05,0.3919124717069177,9.000001000000001e-05,0.61
9.000001263529065e-05,0.3919125383443191,9.000001263529065e-05,0.61
9.000001558384646e-05,0.3919126891197147,9.000001558384646e-05,0.61
9.000001839061887e-05,0.3919127595192765,9.000001839061887e-05,0.61
9.000002400416368e-05,0.3919128995293683,9.000002400416368e-05,0.61
9.00000352312533e-05,0.3919131760389695,9.00000352312533e-05,0.61
9.000005768543255e-05,0.391913715067985,9.000005768543255e-05,0.61
9.000010259379105e-05,0.3919147381573734,9.000010259379105e-05,0.61
9.000019241050805e-05,0.3919165725397474,9.000019241050805e-05,0.61
9.000037204394205e-05,0.3919194535138242,9.000037204394205e-05,0.61
9.000073131081004e-05,0.391922467331326,9.000073131081004e-05,0.61
9.000113779315564e-05,0.3919221466285084,9.000113779315564e-05,0.61
9.000159094624166e-05,0.3919180197836314,9.000159094624166e-05,0.61
9.000211890084861e-05,0.3919093416769655,9.000211890084861e-05,0.61
9.000275433823163e-05,0.3918948873155308,9.000275433823163e-05,0.61
9.000356731074173e-05,0.3918722995750565,9.000356731074173e-05,0.61
9.000468564390695e-05,0.3918377767248073,9.000468564390695e-05,0.61
9.000639221773571e-05,0.3917861625542158,9.000639221773571e-05,0.61
9.000954829907711e-05,0.3917197373895041,9.000954829907711e-05,0.61
9.001405630081306e-05,0.3917272329258356,9.001405630081306e-05,0.61
9.002001935914017e-05,0.3919553149372394,9.002001935914017e-05,0.61
9.002834083052317e-05,0.3927058608187306,9.002834083052317e-05,0.61
9.004204662415017e-05,0.3950276209693248,9.004204662415017e-05,0.61
9.006945821140416e-05,0.4035396578674592,9.006945821140416e-05,0.61
9.011574378547394e-05,0.428324982172899,9.011574378547394e-05,0.61
9.015986929367521e-05,0.4620443942436178,9.015986929367521e-05,0.61
9.020014731801442e-05,0.4991979744213561,9.020014731801442e-05,0.61
9.023855444599969e-05,0.5382151560071785,9.023855444599969e-05,0.61
9.027584283642013e-05,0.5776497136253845,9.027584283642013e-05,0.61
9.031347555247719e-05,0.6174178985431399,9.031347555247719e-05,0.61
9.035268514473032e-05,0.6574036650933264,9.035268514473032e-05,0.61
9.039460248410006e-05,0.6972073087499997,9.039460248410006e-05,0.61
9.044020131045813e-05,0.7359654918555228,9.044020131045813e-05,0.61
9.04926254169352e-05,0.7736986313074072,9.04926254169352e-05,0.61
9.055421557616373e-05,0.8080138180544184,9.055421557616373e-05,0.61
9.062634054175702e-05,0.8349441466109478,9.062634054175702e-05,0.61
9.065909905936214e-05,0.8429287503250525,9.065909905936214e-05,0.61
9.071511608632886e-05,0.8517294835767688,9.071511608632886e-05,0.61
9.077655755780604e-05,0.8558585757705602,9.077655755780604e-05,0.61
9.083710331948877e-05,0.8557179889293008,9.083710331948877e-05,0.61
9.09016301227556e-05,0.8523923759871481,9.09016301227556e-05,0.61
9.097032659758843e-05,0.8466110796790103,9.097032659758843e-05,0.61
9.104397825251452e-05,0.8391508305630154,9.104397825251452e-05,0.61
9.112393476493969e-05,0.8308104482672476,9.112393476493969e-05,0.61
9.121200283702211e-05,0.8224526608343463,9.121200283702211e-05,0.61
9.131184007290384e-05,0.8149297002466223,9.131184007290384e-05,0.61
9.143260543300922e-05,0.8090519140568728,9.143260543300922e-05,0.61
9.152660237546258e-05,0.8067731328904846,9.152660237546258e-05,0.61
9.165327716479381e-05,0.8060943358321765,9.165327716479381e-05,0.61
9.17641096809402e-05,0.8069409584273517,9.17641096809402e-05,0.61
9.188299726382005e-05,0.8084965840631695,9.188299726382005e-05,0.61
9.203533055744408e-05,0.8104616547435156,9.203533055744408e-05,0.61
9.220891020768663e-05,0.8119887158102194,9.220891020768663e-05,0.61
9.243256583837774e-05,0.8127309218439137,9.243256583837774e-05,0.61
9.266970546821517e-05,0.812578834434077,9.266970546821517e-05,0.61
9.295236210962607e-05,0.8120571717654167,9.295236210962607e-05,0.61
9.328940296794441e-05,0.8116627255008807,9.328940296794441e-05,0.61
9.372265314956438e-05,0.8116036618880472,9.372265314956438e-05,0.61
9.436274882937339e-05,0.8117460335194002,9.436274882937339e-05,0.61
9.515430402288742e-05,0.8118111176623148,9.515430402288742e-05,0.61
9.615430402288742e-05,0.8117895784709844,9.615430402288742e-05,0.61
9.715430402288742e-05,0.8117746950003492,9.715430402288742e-05,0.61
9.815430402288741e-05,0.8117758172822818,9.815430402288741e-05,0.61
9.915430402288741e-05,0.8117780239083739,9.915430402288741e-05,0.61
0.0001,0.8117781680617885,0.0001,0.61
