DM Phase Plot X,DM Phase Plot Y,DM Gain Plot X,DM Gain Plot Y
1,-89.76733547949226,1,95.88560934508104
1.029200527194428,-89.77390680404235,1.029200527194428,95.63561326361976
1.059253725177289,-89.78029082270415,1.059253725177289,95.38561696297802
1.090184492385128,-89.78649282387909,1.090184492385128,95.13562045541717
1.122018454301964,-89.79251794522251,1.122018454301964,94.88562375251277
1.154781984689459,-89.79837117789582,1.154781984689459,94.63562686519295
1.188502227437019,-89.80405737069752,1.188502227437019,94.38562980377461
1.223207119049932,-89.809581234077,1.223207119049932,94.13563257799764
1.258925411794168,-89.81494734403358,1.258925411794168,93.88563519705717
1.29568669751702,-89.82016014590464,1.29568669751702,93.63563766963408
1.333521432163325,-89.82522395804575,1.333521432163325,93.38564000392371
1.372460961007563,-89.83014297540578,1.372460961007563,93.13564220766312
1.412537544622755,-89.83492127300002,1.412537544622755,92.88564428815658
1.453784385607663,-89.83956280928409,1.453784385607663,92.63564625229999
1.496235656094435,-89.84407142943148,1.496235656094435,92.3856481066035
1.539926526059493,-89.84845086851739,1.539926526059493,92.13564985721325
1.584893192461115,-89.85270475461155,1.584893192461115,91.88565150993173
1.63117290922784,-89.85683661178244,1.63117290922784,91.6356530702369
1.678804018122562,-89.86084986301555,1.678804018122562,91.38565454330046
1.727825980507865,-89.86474783304796,1.727825980507865,91.13565593400494
1.778279410038925,-89.86853375112167,1.778279410038925,90.88565724695994
1.830206106311058,-89.87221075365788,1.830206106311058,90.63565848651723
1.883649089489803,-89.87578188685443,1.883649089489803,90.38565965678544
1.93865263595221,-89.8792501092087,1.93865263595221,90.13566076164351
1.995262314968882,-89.88261829396772,1.995262314968882,89.8856618047535
2.053525026457149,-89.88588923150792,2.053525026457149,89.63566278957288
2.11348903983665,-89.88906563164619,2.11348903983665,89.38566371936591
2.175204034019526,-89.89215012588427,2.175204034019526,89.13566459721444
2.238721138568343,-89.89514526958823,2.238721138568343,88.88566542602814
2.30409297605585,-89.89805354410512,2.30409297605585,88.63566620855423
2.37137370566166,-89.90087735881818,2.37137370566166,88.38566694738637
2.440619068041985,-89.90361905314246,2.440619068041985,88.13566764497351
2.511886431509585,-89.90628089846263,2.511886431509585,87.88566830362787
2.585234839562196,-89.90886510001432,2.585234839562196,87.63566892553257
2.660725059798815,-89.91137379871087,2.660725059798815,87.38566951274899
2.738419634264367,-89.91380907291659,2.738419634264367,87.1356700672235
2.81838293126446,-89.91617294016849,2.81838293126446,86.88567059079394
2.90068119869316,-89.91846735884729,2.90068119869316,86.63567108519574
2.985382618917967,-89.92069422979992,2.985382618917967,86.38567155206763
3.072557365267454,-89.92285539791384,3.072557365267454,86.13567199295709
3.162277660168388,-89.92495265364549,3.162277660168388,85.88567240932548
3.254617834980468,-89.92698773450327,3.254617834980468,85.6356728025529
3.349654391578286,-89.92896232648708,3.349654391578286,85.38567317394273
3.447466065731504,-89.93087806548478,3.447466065731504,85.135673524726
3.548133892335765,-89.93273653862734,3.548133892335765,84.88567385606538
3.651741272548388,-89.93453928560379,3.651741272548388,84.63567416905912
3.758374042884453,-89.93628779993658,3.758374042884453,84.38567446474468
3.868120546330533,-89.93798353021874,3.868120546330533,84.13567474410213
3.981071705534985,-89.93962788131407,3.981071705534985,83.88567500805745
4.097321098135428,-89.9412222155208,4.097321098135428,83.63567525748552
4.216965034285836,-89.94276785370023,4.216965034285836,83.3856754932131
4.340102636447452,-89.94426607637097,4.340102636447452,83.13567571602152
4.466835921509645,-89.9457181247696,4.466835921509645,82.8856759266493
4.597269885308736,-89.94712520187913,4.597269885308736,82.63567612579459
4.73151258961482,-89.94848847342551,4.73151258961482,82.38567631411749
4.869675251658648,-89.94980906884327,4.869675251658648,82.1356764922422
5.01187233627274,-89.95108808221127,5.01187233627274,81.88567666075912
5.158221650723075,-89.95232657315913,5.158221650723075,81.63567682022683
5.308844442309902,-89.95352556774488,5.308844442309902,81.38567697117391
5.463865498818562,-89.95468605930522,5.463865498818562,81.13567711410067
5.623413251903512,-89.95580900927823,5.623413251903512,80.88567724948086
5.787619883491228,-89.95689534799999,5.787619883491228,80.63567737776323
5.956621435290127,-89.95794597547527,5.956621435290127,80.38567749937295
6.13055792149823,-89.95896176212318,6.13055792149823,80.13567761471313
6.309573444801956,-89.95994354949825,6.309573444801956,79.88567772416609
6.493816315762138,-89.9608921509875,6.493816315762138,79.63567782809456
6.683439175686172,-89.96180835248452,6.683439175686172,79.3856779268431
6.878599123088104,-89.96269291304036,6.878599123088104,79.13567802073896
7.079457843841408,-89.96354656549241,7.079457843841408,78.88567811009341
7.286181745132307,-89.9643700170716,7.286181745132307,78.63567819520262
7.498942093324589,-89.96516394998821,7.498942093324589,78.38567827634866
7.717915155850156,-89.96592902199714,7.717915155850156,78.13567835380051
7.943282347242849,-89.96666586694276,7.943282347242849,77.88567842781491
8.175230379436535,-89.96737509528405,8.175230379436535,77.63567849863718
8.413951416451987,-89.9680572946004,8.413951416451987,77.38567856650205
8.659643233600692,-89.96871303007825,8.659643233600692,77.13567863163449
8.912509381337495,-89.96934284497955,8.912509381337495,76.88567869425037
9.172759353897836,-89.96994726109159,9.172759353897836,76.63567875455725
9.440608762859275,-89.97052677915946,9.440608762859275,76.38567881275502
9.716279515771106,-89.97108187930084,9.716279515771106,76.13567886903657
10.00000000000005,-89.97161302140373,10.00000000000005,75.88567892358846
10.29200527194433,-89.97212064550747,10.29200527194433,75.63567897659149
10.59253725177294,-89.97260517216742,10.59253725177294,75.3856790282214
10.90184492385133,-89.97306700280312,10.90184492385133,75.13567907864925
11.22018454301969,-89.97350652003109,11.22018454301969,74.88567912804224
11.54781984689464,-89.97392408798171,11.54781984689464,74.63567917656407
11.88502227437024,-89.97432005260094,11.88502227437024,74.38567922437555
12.23207119049937,-89.97469474193687,12.23207119049937,74.1356792716352
12.58925411794173,-89.97504846641151,12.58925411794173,73.88567931849963
12.95686697517026,-89.97538151907804,12.95686697517026,73.63567936512419
13.33521432163331,-89.97569417586347,13.33521432163331,73.38567941166342
13.72460961007569,-89.97598669579742,13.72460961007569,73.1356794582716
14.12537544622761,-89.97625932122648,14.12537544622761,72.88567950510317
14.53784385607669,-89.97651227801526,14.53784385607669,72.63567955231341
14.96235656094441,-89.97674577573326,14.96235656094441,72.38567960005877
15.399265260595,-89.97696000782871,15.399265260595,72.13567964849751
15.84893192461122,-89.97715515178869,15.84893192461122,71.8856796977902
16.31172909227847,-89.97733136928625,16.31172909227847,71.6356797481002
16.78804018122569,-89.97748880631431,16.78804018122569,71.3856797995943
17.27825980507873,-89.97762759330671,17.27825980507873,71.13567985244316
17.78279410038932,-89.97774784524613,17.78279410038932,70.88567990682196
18.30206106311066,-89.97784966175949,18.30206106311066,70.63567996291096
18.83649089489811,-89.9779331272004,18.83649089489811,70.38568002089603
19.38652635952218,-89.97799831071913,19.38652635952218,70.13568008096942
19.95262314968891,-89.97804526631982,19.95262314968891,69.88568014333019
20.53525026457158,-89.97807403290534,20.53525026457158,69.63568020818511
21.13489039836659,-89.9780846343094,21.13489039836659,69.38568027574908
21.75204034019535,-89.97807707931635,21.75204034019535,69.13568034624608
22.38721138568353,-89.97805136166859,22.38721138568353,68.88568041990979
23.04092976055859,-89.97800746006124,23.04092976055859,68.63568049698436
23.7137370566167,-89.97794533812446,23.7137370566167,68.38568057772527
24.40619068041995,-89.97786494439357,24.40619068041995,68.13568066240013
25.11886431509596,-89.97776621226623,25.11886431509596,67.88568075128963
25.85234839562207,-89.97764905994732,25.85234839562207,67.63568084468837
26.60725059798827,-89.97751339038118,26.60725059798827,67.38568094290594
27.38419634264379,-89.97735909117131,27.38419634264379,67.13568104626789
28.18382931264472,-89.97718603448713,28.18382931264472,66.88568115511686
29.00681198693173,-89.97699407695825,29.00681198693173,66.63568126981357
29.85382618917979,-89.97678305955557,29.85382618917979,66.38568139073826
30.72557365267467,-89.97655280745968,30.72557365267467,66.1356815182917
31.622776601684,-89.97630312991598,31.622776601684,65.88568165289671
32.5461783498048,-89.97603382007667,32.5461783498048,65.63568179499944
33.49654391578299,-89.9757446548295,33.49654391578299,65.3856819450709
34.47466065731518,-89.97543539461287,34.47466065731518,65.1356821036085
35.4813389233578,-89.97510578321746,35.4813389233578,64.88568227113777
36.51741272548403,-89.97475554757396,36.51741272548403,64.63568244821396
37.58374042884468,-89.97438439752699,37.58374042884468,64.38568263542403
38.6812054633055,-89.97399202559458,38.6812054633055,64.13568283338849
39.81071705535001,-89.97357810671373,39.81071705535001,63.88568304276352
40.97321098135445,-89.97314229797099,40.97321098135445,63.63568326424311
42.16965034285853,-89.97268423831846,42.16965034285853,63.38568349856138
43.4010263644747,-89.97220354827483,43.4010263644747,63.13568374649499
44.66835921509664,-89.97169982961098,44.66835921509664,62.88568400886575
45.97269885308756,-89.97117266502019,45.97269885308756,62.6356842865433
47.31512589614841,-89.97062161777251,47.31512589614841,62.38568458044803
48.69675251658668,-89.97004623135307,48.69675251658668,62.1356848915541
50.11872336272761,-89.96944602908393,50.11872336272761,61.88568522089273
51.58221650723097,-89.96882051372933,51.58221650723097,61.63568556955551
53.08844442309925,-89.96816916708387,53.08844442309925,61.38568593869813
54.63865498818585,-89.9674914495434,54.63865498818585,61.13568632954414
56.23413251903535,-89.96678679965804,56.23413251903535,60.88568674338902
57.87619883491252,-89.96605463366727,57.87619883491252,60.63568718160452
59.56621435290152,-89.96529434501653,59.56621435290152,60.3856876456431
61.30557921498256,-89.96450530385481,61.30557921498256,60.13568813704288
63.09573444801983,-89.96368685651325,63.09573444801983,59.88568865743264
64.93816315762166,-89.96283832496363,64.93816315762166,59.63568920853724
66.834391756862,-89.96195900625712,66.834391756862,59.38568979218337
68.78599123088132,-89.96104817194214,68.78599123088132,59.13569041030558
70.79457843841438,-89.9601050674611,70.79457843841438,58.88569106495264
72.86181745132338,-89.95912891152578,72.86181745132338,58.63569175829446
74.98942093324621,-89.95811889547034,74.98942093324621,58.38569249262914
77.17915155850189,-89.95707418258189,77.17915155850189,58.1356932703907
79.43282347242882,-89.9559939074077,79.43282347242882,57.88569409415707
81.7523037943657,-89.95487717503869,81.7523037943657,57.63569496665869
84.13951416452024,-89.95372306036863,84.13951416452024,57.3856958907875
86.59643233600728,-89.9525306073284,86.59643233600728,57.13569686960657
89.12509381337533,-89.95129882809439,89.12509381337533,56.88569790636027
91.72759353897877,-89.95002670227103,91.72759353897877,56.63569900448496
94.40608762859317,-89.94871317604608,94.40608762859317,56.38570016762041
97.16279515771149,-89.94735716131856,97.16279515771149,56.13570139962192
100.0000000000009,-89.94595753479815,100.0000000000009,55.88570270457298
102.9200527194437,-89.94451313707562,102.9200527194437,55.63570408679892
105.9253725177299,-89.94302277166338,105.9253725177299,55.38570555088113
109.0184492385138,-89.94148520400562,109.0184492385138,55.13570710167242
112.2018454301974,-89.93989916045659,112.2018454301974,54.88570874431286
115.4781984689469,-89.93826332722709,115.4781984689469,54.63571048424707
118.8502227437029,-89.93657634929754,118.8502227437029,54.38571232724204
122.3207119049943,-89.93483682929708,122.3207119049943,54.13571427940644
125.8925411794179,-89.93304332634784,125.8925411794179,53.8857163472107
129.5686697517032,-89.93119435487326,129.5686697517032,53.63571853750856
133.3521432163337,-89.92928838336954,133.3521432163337,53.38572085755975
137.2460961007575,-89.92732383313935,137.2460961007575,53.13572331505405
141.2537544622768,-89.92529907698651,141.2537544622768,52.88572591813676
145.3784385607676,-89.92321243787093,145.3784385607676,52.63572867543575
149.6235656094448,-89.92106218752228,149.6235656094448,52.38573159608998
153.9926526059507,-89.91884654501169,153.9926526059507,52.13573468977983
158.4893192461129,-89.91656367528012,158.4893192461129,51.88573796675917
163.1172909227854,-89.91421168762213,163.1172909227854,51.63574143788937
167.8804018122577,-89.91178863412394,167.8804018122577,51.38574511467521
172.782598050788,-89.90929250805462,172.782598050788,51.13574900930314
177.827941003894,-89.90672124220887,177.827941003894,50.88575313468152
183.0206106311074,-89.90407270720016,183.0206106311074,50.6357575044835
188.3649089489819,-89.90134470970307,188.3649089489819,50.38576213319229
193.8652635952227,-89.89853499064297,193.8652635952227,50.13576703614915
199.52623149689,-89.89564122333209,199.52623149689,49.88577222960423
205.3525026457167,-89.89266101155002,205.3525026457167,49.63577773077044
211.3489039836668,-89.88959188756765,211.3489039836668,49.38578355788045
217.5204034019545,-89.88643131011231,217.5204034019545,49.13578973024712
223.8721138568363,-89.88317666227326,223.8721138568363,48.8857962683275
230.409297605587,-89.87982524934509,230.409297605587,48.63580319379061
237.137370566168,-89.87637429660803,237.137370566168,48.38581052958921
244.0619068042006,-89.87282094704291,244.0619068042006,48.13581830003591
251.1886431509607,-89.86916225897936,251.1886431509607,47.88582653088362
258.5234839562218,-89.86539520367499,258.5234839562218,47.63583524941098
266.0725059798838,-89.86151666282417,266.0725059798838,47.38584448451266
273.841963426439,-89.8575234259942,273.841963426439,47.13585426679511
281.8382931264484,-89.85341218798662,281.8382931264484,46.88586462867799
290.0681198693185,-89.84917954612231,290.0681198693185,46.63587560450145
298.5382618917992,-89.84482199744774,298.5382618917992,46.38588723064004
307.255736526748,-89.84033593586037,307.255736526748,46.13589954562304
316.2277660168414,-89.83571764915122,316.2277660168414,45.88591259026222
325.4617834980495,-89.83096331596224,325.4617834980495,45.63592640778692
334.9654391578314,-89.82606900265594,334.9654391578314,45.38594104398728
344.7466065731533,-89.82103066009579,344.7466065731533,45.13595654736585
354.8133892335795,-89.81584412033369,354.8133892335795,44.88597296929824
365.1741272548418,-89.8105050932035,365.1741272548418,44.63599036420324
375.8374042884485,-89.80500916281723,375.8374042884485,44.38600878972306
386.8120546330566,-89.79935178396146,386.8120546330566,44.13602830691412
398.1071705535019,-89.79352827839183,398.1071705535019,43.88604898044925
409.7321098135463,-89.78753383102277,409.7321098135463,43.63607087883182
421.6965034285872,-89.78136348600944,421.6965034285872,43.38609407462247
434.010263644749,-89.7750121427197,434.010263644749,43.13611864467935
446.6835921509684,-89.76847455159321,446.6835921509684,42.8861446704125
459.7269885308777,-89.76174530988462,459.7269885308777,42.63617223805326
473.1512589614862,-89.7548188572882,473.1512589614862,42.38620143893976
486.967525165869,-89.74768947144111,486.967525165869,42.13623236981905
501.1872336272784,-89.74035126330223,501.1872336272784,41.88626513316724
515.8221650723119,-89.7327981724037,515.8221650723119,41.6362998375286
530.8844442309949,-89.72502396197218,530.8844442309949,41.3863365978746
546.3865498818609,-89.71702221391692,546.3865498818609,41.13637553598416
562.341325190356,-89.70878632368149,562.341325190356,40.88641678084649
578.7619883491278,-89.70030949495639,578.7619883491278,40.63646046908759
595.6621435290178,-89.69158473424923,595.6621435290178,40.386506745422
613.0557921498283,-89.68260484530981,613.0557921498283,40.13655576313122
630.9573444802012,-89.67336242340676,630.9573444802012,39.88660768457038
649.3816315762195,-89.6638498494532,649.3816315762195,39.63666268170481
668.3439175686232,-89.65405928397799,668.3439175686232,39.38672093667822
687.8599123088164,-89.64398266094015,687.8599123088164,39.13678264241451
707.945784384147,-89.6336116813832,707.945784384147,38.88684800325495
728.6181745132371,-89.62293780692711,728.6181745132371,38.63691723563303
749.8942093324656,-89.61195225309481,749.8942093324656,38.38699056878904
771.7915155850225,-89.60064598247091,771.7915155850225,38.13706824552672
794.3282347242919,-89.58900969769012,794.3282347242919,37.88715052301459
817.5230379436607,-89.5770338342532,817.5230379436607,37.63723767363435
841.3951416452062,-89.56470855316827,841.3951416452062,37.3873299858793
865.9643233600768,-89.55202373341545,865.9643233600768,37.13742776530556
891.2509381337574,-89.53896896423339,891.2509381337574,36.88753133553934
917.2759353897918,-89.52553353722621,917.2759353897918,36.63764103934325
944.060876285936,-89.51170643828948,944.060876285936,36.3877572397455
971.6279515771192,-89.49747633935503,971.6279515771192,36.13788032123519
1000.000000000014,-89.48283158995348,1000.000000000014,35.88801069102797
1029.200527194442,-89.46776020859505,1029.200527194442,35.63814878040576
1059.253725177303,-89.45224987396912,1059.253725177303,35.38829504613521
1090.184492385142,-89.43628791596299,1090.184492385142,35.13844997196916
1122.018454301979,-89.41986130650253,1122.018454301979,34.88861407023602
1154.781984689474,-89.40295665021573,1154.781984689474,34.63878788352227
1188.502227437035,-89.3855601749235,1188.502227437035,34.38897198645319
1223.207119049948,-89.36765772196024,1223.207119049948,34.13916698757775
1258.925411794184,-89.3492347363302,1258.925411794184,33.88937353136343
1295.686697517037,-89.33027625670435,1295.686697517037,33.63959230030752
1333.521432163342,-89.31076690526514,1333.521432163342,33.38982401717137
1372.460961007581,-89.29069087740723,1372.460961007581,33.14006944734462
1412.537544622774,-89.27003193130319,1412.537544622774,32.89032940134707
1453.784385607682,-89.2487733773457,1453.784385607682,32.64060473747578
1496.235656094454,-89.22689806747809,1496.235656094454,32.39089636460567
1539.926526059513,-89.20438838442809,1539.926526059513,32.14120524515251
1584.893192461136,-89.18122623086073,1584.893192461136,31.89153239820732
1631.172909227861,-89.15739301846898,1631.172909227861,31.64187890285178
1678.804018122584,-89.13286965702287,1678.804018122584,31.39224590166493
1727.825980507888,-89.10763654340056,1727.825980507888,31.14263460443197
1778.279410038948,-89.08167355062746,1778.279410038948,30.89304629206609
1830.206106311082,-89.05496001695303,1830.206106311082,30.6434823207555
1883.649089489827,-89.02747473499763,1883.649089489827,30.39394412634796
1938.652635952235,-88.99919594100625,1938.652635952235,30.14443322898592
1995.262314968908,-88.97010130424947,1995.262314968908,29.89495123800601
2053.525026457176,-88.94016791661647,2053.525026457176,29.64549985711729
2113.489039836678,-88.90937228245051,2113.489039836678,29.39608088987343
2175.204034019555,-88.87769030868094,2175.204034019555,29.14669624545461
2238.721138568373,-88.84509729531372,2238.721138568373,28.89734794477583
2304.09297605588,-88.81156792634647,2304.09297605588,28.64803812693889
2371.373705661691,-88.77707626118293,2371.373705661691,28.39876905604638
2440.619068042017,-88.7415957266272,2440.619068042017,28.14954312839652
2511.886431509618,-88.705099109548,2511.886431509618,27.90036288007886
2585.23483956223,-88.66755855031062,2585.23483956223,27.65123099499126
2660.72505979885,-88.62894553708399,2660.72505979885,27.40215031330002
2738.419634264403,-88.5892309011416,2738.419634264403,27.15312384036523
2818.382931264497,-88.54838481328457,2818.382931264497,26.90415475615493
2900.681198693198,-88.50637678152884,2900.681198693198,26.65524642517199
2985.382618918006,-88.46317565021039,2985.382618918006,26.40640240691891
3072.557365267494,-88.41874960067761,3072.557365267494,26.15762646692631
3162.277660168429,-88.37306615375441,3162.277660168429,25.90892258837184
3254.61783498051,-88.32609217417483,3254.61783498051,25.66029498431703
3349.654391578329,-88.27779387720804,3349.654391578329,25.41174811059032
3447.466065731548,-88.22813683771105,3447.466065731548,25.16328667934518
3548.133892335811,-88.17708600186833,3548.133892335811,24.91491567332302
3651.741272548435,-88.12460570189938,3651.741272548435,24.66664036085086
3758.374042884502,-88.07065967403959,3758.374042884502,24.41846631160452
3868.120546330584,-88.01521108012564,3868.120546330584,24.17039941316802
3981.071705535036,-87.95822253314456,3981.071705535036,23.92244588842039
4097.321098135481,-87.89965612713543,4097.321098135481,23.67461231378097
4216.965034285891,-87.83947347186434,4216.965034285891,23.42690563834393
4340.102636447509,-87.77763573272792,4340.102636447509,23.1793332039325
4466.835921509704,-87.71410367637651,4466.835921509704,22.93190276610273
4597.269885308798,-87.64883772258702,4597.269885308798,22.68462251612518
4731.512589614883,-87.58179800295723,4731.512589614883,22.43750110397222
4869.675251658712,-87.51294442703626,4869.675251658712,22.19054766233617
5011.872336272806,-87.44223675655283,5011.872336272806,21.94377183170168
5158.221650723142,-87.36963468845194,5158.221650723142,21.69718378649298
5308.844442309972,-87.29509794750136,5308.844442309972,21.45079426231294
5463.865498818634,-87.21858638928492,5463.865498818634,21.20461458428735
5623.413251903586,-87.14006011445527,5623.413251903586,20.95865669652266
5787.619883491305,-87.05947959517822,5787.619883491305,20.71293319268015
5956.621435290206,-86.97680581476324,5956.621435290206,20.46745734766295
6130.557921498312,-86.89200042153749,6130.557921498312,20.22224315040465
6309.57344480204,-86.80502589808728,6309.57344480204,19.97730533773998
6493.816315762225,-86.71584574705803,6493.816315762225,19.73265942932787
6683.439175686261,-86.62442469477257,6683.439175686261,19.4883217635864
6878.599123088195,-86.5307289139967,6878.599123088195,19.24430953458589
7079.457843841503,-86.43472626725119,7079.457843841503,19.00064082983294
7286.181745132405,-86.33638657213712,7286.181745132405,18.75733466886139
7498.94209332469,-86.23568189021009,7498.94209332469,18.51441104252888
7717.91515585026,-86.13258684100337,7717.91515585026,18.27189095289759
7943.282347242955,-86.0270789428607,7943.282347242955,18.02979645355536
8175.230379436645,-85.91913898229676,8175.230379436645,17.78815069020959
8413.951416452101,-85.80875141365206,8413.951416452101,17.54697794135897
8659.643233600807,-85.6959047908507,8659.643233600807,17.30630365881876
8912.509381337613,-85.58059223309952,8912.509381337613,17.06615450784361
9172.75935389796,-85.46281192638584,9172.75935389796,16.82655840655641
9440.608762859403,-85.34256766263248,9440.608762859403,16.58754456435444
9716.279515771237,-85.21986941835431,9716.279515771237,16.3491435189231
10000.00000000018,-85.09473397462274,10000.00000000018,16.11138717144403
10292.00527194447,-84.96718558008327,10292.00527194447,15.87430881953791
10592.53725177308,-84.8372566586813,10592.53725177308,15.63794318743303
10901.84492385148,-84.70498856362885,10901.84492385148,15.40232645279866
11220.18454301984,-84.57043237898648,11220.18454301984,15.16749626962799
11547.8198468948,-84.43364977003414,11547.8198468948,14.93349178649902
11885.02227437041,-84.29471388336049,11885.02227437041,14.70035365948338
12232.07119049954,-84.1537102973036,12232.07119049954,14.46812405891399
12589.25411794191,-84.01073802302771,12589.25411794191,14.23684666916219
12956.86697517044,-83.86591055610859,12956.86697517044,14.00656668051559
13335.21432163349,-83.71935697802932,13335.21432163349,13.77733077218904
13724.60961007588,-83.57122310644529,13724.60961007588,13.54918708544468
14125.37544622781,-83.42167269246531,14125.37544622781,13.32218518574385
14537.84385607689,-83.27088866250826,14537.84385607689,13.09637601280545
14962.35656094462,-83.11907440153179,14962.35656094462,12.87181181740293
15399.26526059521,-82.96645507358819,15399.26526059521,12.64854608369779
15848.93192461144,-82.81327897474469,15848.93192461144,12.42663343588304
16311.7290922787,-82.65981891241267,16311.7290922787,12.20612952789691
16788.04018122593,-82.50637360406508,16788.04018122593,11.98709091496771
17278.25980507897,-82.35326908719114,17278.25980507897,11.76957490576684
17782.79410038957,-82.20086013114778,17782.79410038957,11.55363939398101
18302.06106311092,-82.04953164033023,18302.06106311092,11.33934266816813
18836.49089489837,-81.89970003681114,18836.49089489837,11.12674319883661
19386.52635952245,-81.75181460930244,19386.52635952245,10.91589940178621
19952.62314968919,-81.60635881399588,19952.62314968919,10.70686937687208
20535.25026457187,-81.46385151155461,20535.25026457187,10.49971062150227
21134.89039836689,-81.32484812328002,21134.89039836689,10.29447971835563
21752.04034019566,-81.18994168828893,21752.04034019566,10.09123199700926
22387.21138568384,-81.0597638024272,22387.21138568384,9.890021169393982
23040.92976055892,-80.93498541864247,23040.92976055892,9.690898939252115
23713.73705661703,-80.81631748766026,23713.73705661703,9.493914586050396
24406.1906804203,-80.70451141707674,24406.1906804203,9.299114524103166
25118.86431509631,-80.60035932641448,25118.86431509631,9.106541837981379
25852.34839562243,-80.50469407529708,25852.34839562243,8.916235795620617
26607.25059798864,-80.41838904169475,26607.25059798864,8.728231340891133
27384.19634264418,-80.34235762717567,27384.19634264418,8.542558567751994
28183.82931264512,-80.27755246626411,28183.82931264512,8.359242178475622
29006.81198693214,-80.2249643173428,29006.81198693214,8.17830092879559
29853.82618918022,-80.18562061302556,29853.82618918022,7.999747063195998
30725.57365267511,-80.16058364853801,30725.57365267511,7.823585743924251
31622.77660168446,-80.15094838734844,31622.77660168446,7.64981447767013
32546.17834980527,-80.15783986405124,32546.17834980527,7.478422544214243
33496.54391578347,-80.18241016528059,33496.54391578347,7.309390431712569
34474.66065731567,-80.22583497018842,34474.66065731567,7.142689283657067
35481.3389233583,-80.28930963272533,35481.3389233583,6.978280362944848
36517.41272548455,-80.37404478859791,36517.41272548455,6.816114538912754
37583.74042884522,-80.48126147033663,37583.74042884522,6.656131803665372
38681.20546330605,-80.61218571441968,38681.20546330605,6.498260824561903
39810.71705535058,-80.76804264490711,39810.71705535058,6.342418540350776
40973.21098135503,-80.95005001864513,40973.21098135503,6.188509809174157
42169.65034285914,-81.15941121793139,42169.65034285914,6.036427117530533
43401.02636447533,-81.39730767778677,43401.02636447533,5.886050360306571
44668.35921509728,-81.66489073690167,44668.35921509728,5.737246703189183
45972.69885308822,-81.96327290423557,45972.69885308822,5.5898705401643
47315.12589614908,-82.29351853752507,47315.12589614908,5.443763560408758
48696.75251658738,-82.65663393604804,48696.75251658738,5.298754940688799
50118.72336272833,-83.05355685841469,50118.72336272833,5.15466168138059
51582.21650723171,-83.4851454874708,51582.21650723171,5.011289106398184
53088.44442310001,-83.95216687921443,53088.44442310001,4.868431549606206
54638.65498818663,-84.45528495156661,54638.65498818663,4.725873252638424
56234.13251903615,-84.99504809251044,56234.13251903615,4.583389501345492
57876.19883491335,-85.57187649609426,57876.19883491335,4.440748030232046
59566.21435290237,-86.18604936955253,59566.21435290237,4.297710726063832
61305.57921498343,-86.83769219567803,61305.57921498343,4.154035663149696
63095.73444802072,-87.52676428172489,63095.73444802072,4.009479503424682
64938.16315762258,-88.2530468794444,64938.16315762258,3.863800294153015
66834.39175686295,-89.01613221997414,66834.39175686295,3.716760694592686
68785.9912308823,-89.81541387153173,68785.9912308823,3.568131660075053
70794.57843841538,-90.65007889620097,70794.57843841538,3.417696607419
72861.81745132442,-91.51910235325062,72861.81745132442,3.265256079210137
74989.42093324728,-92.42124476888225,74989.42093324728,3.110632916054743
77179.151558503,-93.35505326445302,77179.151558503,2.953677935332879
79432.82347242997,-94.31886710548615,79432.82347242997,2.794276102134853
81752.30379436688,-95.31082850083035,81752.30379436688,2.632353162912651
84139.51416452145,-96.32889954422259,84139.51416452145,2.46788269486068
86596.43233600854,-97.37088624887427,86596.43233600854,2.300893504067079
89125.09381337662,-98.43447067975337,89125.09381337662,2.131477282849779
91727.59353898009,-99.51725223868921,91727.59353898009,1.959796411024199
94406.08762859453,-100.616799205103,94406.08762859453,1.786091756464809
97162.79515771287,-101.7307116803241,97162.79515771287,1.610690296154637
100000.0000000023,-102.8566971247041,100000.0000000023,1.434012338421112
102920.0527194452,-103.9926597095309,102920.0527194452,1.256578078158551
105925.3725177314,-105.1368047204277,105925.3725177314,1.079013156944669
109018.4492385153,-106.287759228426,109018.4492385153,0.902052826064848
112201.845430199,-107.444710162224,112201.845430199,0.7265442193750963
115478.1984689485,-108.607560730772,115478.1984689485,0.5534461316751752
118850.2227437046,-109.7771058049893,118850.2227437046,0.3838255645855205
122320.711904996,-110.9552263003619,122320.711904996,0.2188501450444952
125892.5411794197,-112.1451017202697,125892.5411794197,0.05977534299601852
129568.669751705,-113.3514387175588,129568.669751705,-0.09207478058783354
133352.1432163356,-114.5807116862419,133352.1432163356,-0.2353347674356237
137246.0961007595,-115.8414088655312,137246.0961007595,-0.3686345660781248
141253.7544622788,-117.1442740626555,141253.7544622788,-0.4906477833053376
145378.4385607697,-118.5025296878199,145378.4385607697,-0.6001533290135743
149623.5656094469,-119.9320611112232,149623.5656094469,-0.6961124041539817
153992.6526059529,-121.4515351136751,153992.6526059529,-0.7777626084795741
158489.3192461152,-123.0824160882555,158489.3192461152,-0.844730479894464
163117.2909227878,-124.8488323959683,163117.2909227878,-0.8971628315467193
167880.4018122601,-126.7772319405238,167880.4018122601,-0.9358755237164802
172782.5980507905,-128.8957515716762,172782.5980507905,-0.9625153406049436
177827.9410038966,-131.2332123049339,177827.9410038966,-0.9797258318852541
183020.6106311101,-133.8176481334177,183020.6106311101,-0.991300686781136
188364.9089489847,-136.6742924545424,188364.9089489847,-1.002298127582007
193865.2635952255,-139.8230011076582,193865.2635952255,-1.019077723622119
199526.2314968929,-143.2752059364868,199526.2314968929,-1.049209981580587
205352.5026457197,-147.0306802975327,205352.5026457197,-1.101205514594298
211348.9039836699,-151.0746398640653,211348.9039836699,-1.18402419309465
217520.4034019577,-155.3759234381127,217520.4034019577,-1.306364686949327
223872.1138568395,-159.8870623706369,223872.1138568395,-1.475801849615787
230409.2976055903,-164.5468062046582,230409.2976055903,-1.697915987415689
237137.3705661714,-169.2850837302048,237137.3705661714,-1.975607633646195
244061.9068042041,-174.0296126659263,244061.9068042041,-2.308775598330823
251188.6431509643,-178.7127808093994,251188.6431509643,-2.694444606612474
258523.4839562255,-183.2773307175794,258523.4839562255,-3.12729708481784
266072.5059798876,-187.6798408922076,266072.5059798876,-3.600454174373489
273841.963426443,-191.891747608422,273841.963426443,-4.106311116067732
281838.2931264525,-195.8983199511776,281838.2931264525,-4.637264995783627
290068.1198693227,-199.6963483152931,290068.1198693227,-5.186245411655517
298538.2618918035,-203.2913192800848,298538.2618918035,-5.747031007141108
307255.7365267525,-206.6946574459737,307255.7365267525,-6.314383081796765
316227.766016846,-209.9213669904407,316227.766016846,-6.884047634689879
325461.7834980542,-212.9881980354543,325461.7834980542,-7.452676972073842
334965.4391578363,-215.9123285611099,334965.4391578363,-8.01771166087101
344746.6065731582,-218.7104852551668,344746.6065731582,-8.577250800910171
354813.3892335846,-221.3984055144841,354813.3892335846,-9.129927385907653
365174.1272548471,-223.9905473369326,365174.1272548471,-9.674797291887844
375837.4042884539,-226.4999694286905,375837.4042884539,-10.21124508022242
386812.0546330622,-228.9383219323132,386812.0546330622,-10.73890668625303
398107.1705535076,-231.3159046064727,398107.1705535076,-11.25760747397277
409732.1098135522,-233.6417625688881,409732.1098135522,-11.76731349272883
421696.5034285933,-235.9237997246102,421696.5034285933,-12.26809366331712
434010.2636447552,-238.1688971931411,434010.2636447552,-12.76009078417396
446683.5921509749,-240.3830290279829,446683.5921509749,-13.24349952603554
459726.9885308843,-242.5713708655615,459726.9885308843,-13.71854988814746
473151.258961493,-244.7383993192907,473151.258961493,-14.18549487690506
486967.525165876,-246.8879813090851,486967.525165876,-14.64460141985682
501187.2336272856,-249.023453349158,501187.2336272856,-15.09614373915127
515822.1650723194,-251.1476912923453,515822.1650723194,-15.54039858043592
530884.4442310025,-253.263171274709,530884.4442310025,-15.97764183056989
546386.5498818688,-255.372022705718,546386.5498818688,-16.40814616581319
562341.325190364,-257.4760741638348,562341.325190364,-16.83217945676844
578761.9883491361,-259.5768930220318,578761.9883491361,-17.25000372202864
595662.1435290264,-261.6758195663809,595662.1435290264,-17.66187447323031
613055.7921498371,-263.7739962982429,613055.7921498371,-18.06804033328792
630957.3444802102,-265.8723930356994,630957.3444802102,-18.46874283960474
649381.6315762288,-267.9718283578819,649381.6315762288,-18.86421636706945
668343.9175686326,-270.0729878694777,668343.9175686326,-19.25468812326384
687859.9123088262,-272.176439703129,687859.9123088262,-19.64037818176682
707945.7843841572,-274.2826476249716,707945.7843841572,-20.02149952970458
728618.1745132476,-276.3919820629218,728618.1745132476,-20.39825811350457
749894.2093324763,-278.5047293379453,749894.2093324763,-20.77085287273015
771791.5155850335,-280.621099344778,771791.5155850335,-21.13947575633896
794328.2347243032,-282.7412318996575,794328.2347243032,-21.50431171905528
817523.0379436724,-284.8652019478902,817523.0379436724,-21.86553869803198
841395.1416452181,-286.9930238028548,841395.1416452181,-22.22332757179627
865964.3233600891,-289.1246545697367,865964.3233600891,-22.57784210477646
891250.93813377,-291.2599968914011,891250.93813377,-22.92923888160824
917275.9353898049,-293.3989011398756,917275.9353898049,-23.27766723600617
944060.8762859495,-295.5411671645579,944060.8762859495,-23.62326917932332
971627.9515771331,-297.6865456971833,971627.9515771331,-23.9661793340618
1000000.000000028,-299.8347395034907,1000000.000000028,-24.30652487757208
1029200.527194457,-301.98540436224,1029200.527194457,-24.64442550102036
1059253.725177319,-304.1381499435522,1059253.725177319,-24.97999338842876
1090184.492385158,-306.2925406503719,1090184.492385158,-25.31333322021949
1122018.454301995,-308.4480964790678,1122018.454301995,-25.64454220523179
1154781.984689491,-310.604293947737,1154781.984689491,-25.97371014464084
1188502.227437052,-312.7605671336176,1188502.227437052,-26.30091953059869
1223207.119049966,-314.9163088541137,1223207.119049966,-26.62624568174858
1258925.411794203,-317.0708720192934,1258925.411794203,-26.94975691704512
1295686.697517056,-319.223571177342,1295686.697517056,-27.27151476855569
1333521.432163362,-321.3736842683441,1333521.432163362,-27.59157423313521
1372460.961007601,-323.5204545959624,1372460.961007601,-27.90998406207139
1412537.544622795,-325.6630930210972,1412537.544622795,-28.22678708700825
1453784.385607704,-327.8007803764672,1453784.385607704,-28.54202057968753
1496235.656094477,-329.9326700962948,1496235.656094477,-28.85571664231969
1539926.526059536,-332.057891050902,1539926.526059536,-29.16790262472685
1584893.192461159,-334.1755505720788,1584893.192461159,-29.47860156380677
1631172.909227886,-336.2847376515592,1631172.909227886,-29.78783264036567
1678804.018122609,-338.3845262918666,1678804.018122609,-30.0956116479751
1727825.980507914,-340.473978986164,1727825.980507914,-30.4019514682317
1778279.410038975,-342.5521503015726,1778279.410038975,-30.70686254665289
1830206.106311109,-344.6180905387058,1830206.106311109,-31.01035336342391
1883649.089489856,-346.670849438898,1883649.089489856,-31.31243089332938
1938652.635952264,-348.7094799097852,1938652.635952264,-31.61310104944638
1995262.314968938,-350.7330417395055,1995262.314968938,-31.9123691055411
2053525.026457206,-352.7406052698246,2053525.026457206,-32.21024009258481
2113489.039836709,-354.7312549989348,2113489.039836709,-32.50671916537089
2175204.034019587,-356.7040930855155,2175204.034019587,-32.80181193585616
2238721.138568406,-358.6582427268577,2238721.138568406,-33.09552477054685
2304092.976055914,-360.5928513854123,2304092.976055914,-33.38786504997926
2371373.705661725,-362.5070938400138,2371373.705661725,-33.67884138908887
2440619.068042052,-364.4001750402066,2440619.068042052,-33.96846381799567
2511886.431509655,-366.2713327445334,2511886.431509655,-34.25674392344084
2585234.839562268,-368.1198399262962,2585234.839562268,-34.54369495177113
2660725.059798889,-369.9450069331212,2660725.059798889,-34.82933187496862
2738419.634264443,-371.746183389595,2738419.634264443,-35.11367142175314
2818382.931264538,-373.522759835257,2818382.931264538,-35.39673207623217
2900681.198693241,-375.2741690932612,2900681.198693241,-35.67853404693594
2985382.61891805,-376.9998873680198,2985382.61891805,-35.95909920934765
3072557.365267539,-378.6994350730478,3072557.365267539,-36.23845102522424
3162277.660168475,-380.3723773930133,3162277.660168475,-36.51661444210289
3254617.834980557,-382.0183245865935,3254617.834980557,-36.79361577640923
3349654.391578378,-383.6369320391261,3349654.391578378,-37.06948258353074
3447466.065731599,-385.2279000761816,3447466.065731599,-37.34424351810527
3548133.892335862,-386.7909735510503,3548133.892335862,-37.61792818760398
3651741.272548488,-388.3259412207154,3651741.272548488,-37.89056700207595
3758374.042884557,-389.8326349261631,3758374.042884557,-38.16219102267446
3868120.54633064,-391.3109285938615,3868120.54633064,-38.43283181131486
3981071.705535095,-392.7607370759263,3981071.705535095,-38.7025212835271
4097321.098135541,-394.182014846894,4097321.098135541,-38.9712915662757
4216965.034285952,-395.5747545751629,4216965.034285952,-39.23917486222835
4340102.636447572,-396.9389855870507,4340102.636447572,-39.50620332167188
4466835.921509769,-398.2747722410922,4466835.921509769,-39.77240892300485
4597269.885308864,-399.5822122296775,4597269.885308864,-40.03782336248396
4731512.589614951,-400.8614348244399,4731512.589614951,-40.30247795366945
4869675.251658782,-402.1125990809776,4869675.251658782,-40.5664035368067
5011872.336272879,-403.3358920175531,5011872.336272879,-40.82963039819657
5158221.650723217,-404.5315267813934,5158221.650723217,-41.09218819944712
5308844.442310049,-405.6997408151274,5308844.442310049,-41.35410591636445
5463865.498818713,-406.8407940347862,5463865.498818713,-41.61541178712869
5623413.251903667,-407.954967029647,5623413.251903667,-41.87613326931176
5787619.883491389,-409.0425592930781,5787619.883491389,-42.13629700522574
5956621.435290292,-410.1038874924229,5956621.435290292,-42.39592879504086
6130557.9214984,-411.1392837848791,6130557.9214984,-42.65505357708039
6309573.444802132,-412.1490941852915,6309573.444802132,-42.9136954146815
6493816.315762319,-413.1336769907842,6493816.315762319,-43.17187748900736
6683439.175686358,-414.0934012662293,6683439.175686358,-43.42962209720185
6878599.123088294,-415.0286453936808,6878599.123088294,-43.68695065529271
7079457.843841604,-415.9397956881008,7079457.843841604,-43.94388370527252
7286181.745132509,-416.8272450809689,7286181.745132509,-44.20044092581325
7498942.093324797,-417.6913918727024,7498942.093324797,-44.45664114610326
7717915.15585037,-418.5326385542162,7717915.15585037,-44.71250236232874
7943282.347243069,-419.3513906974154,7943282.347243069,-44.96804175635916
8175230.379436762,-420.1480559139515,8175230.379436762,-45.2232757162317
8413951.416452222,-420.9230428811601,8413951.416452222,-45.47821985806743
8659643.233600933,-421.6767604337506,8659643.233600933,-45.7328890490874
8912509.381337743,-422.4096167195233,8912509.381337743,-45.98729743143156
9172759.353898093,-423.1220184171424,9172759.353898093,-46.24145844651648
9440608.76285954,-423.8143700137938,9440608.76285954,-46.49538485969963
9716279.515771378,-424.4870731404024,9716279.515771378,-46.74908878504602
10000000.00000033,-425.1405259619618,10000000.00000033,-47.00258171002115
10292005.27194462,-425.775122620447,10292005.27194462,-47.25587451995801
10592537.25177323,-426.3912527277257,10592537.25177323,-47.50897752216898
10901844.92385163,-426.9893009058605,10901844.92385163,-47.76190046959366
11220184.54302,-427.569646372187,11220184.54302,-48.01465258389192
11547819.84689496,-428.132662566575,11547819.84689496,-48.26724257790759
11885022.27437058,-428.678716818313,11885022.27437058,-48.51967867744322
12232071.19049972,-429.2081700501064,12232071.19049972,-48.77196864229818
12589254.11794209,-429.7213765167459,12589254.11794209,-49.02411978653437
12956866.97517063,-430.2186835760675,12956866.97517063,-49.27613899794245
13335214.32163368,-430.7004314899171,13335214.32163368,-49.52803275669091
13724609.61007608,-431.1669532529093,13724609.61007608,-49.779807153146
14125375.44622801,-431.6185744468686,14125375.44622801,-50.03146790485801
14537843.8560771,-432.0556131189314,14537843.8560771,-50.28302037271299
14962356.56094483,-432.4783796813871,14962356.56094483,-50.53446957625391
15399265.26059544,-432.8871768314317,15399265.26059544,-50.78582020817865
15848931.92461167,-433.2822994891038,15848931.92461167,-51.03707664802428
16311729.09227893,-433.6640347517744,16311729.09227893,-51.28824297504978
16788040.18122617,-434.0326618636477,16788040.18122617,-51.53932298033047
17278259.80507922,-434.3884521988334,17278259.80507922,-51.79032017807869
17782794.10038983,-434.7316692566313,17782794.10038983,-52.04123781620607
18302061.06311118,-435.062568667764,18302061.06311118,-52.29207888614273
18836490.89489865,-435.3813982103719,18836490.89489865,-52.54284613192917
19386526.35952273,-435.6883978346715,19386526.35952273,-52.79354205859615
19952623.14968948,-435.9837996952489,19952623.14968948,-53.04416893984768
20535250.26457216,-436.2678281900395,20535250.26457216,-53.29472882506139
21134890.39836719,-436.5407000051134,21134890.39836719,-53.54522354561998
21752040.34019597,-436.8026241644527,21752040.34019597,-53.79565472058655
22387211.38568417,-437.0538020839709,22387211.38568417,-54.04602376173541
23040929.76055925,-437.2944276290838,23040929.76055925,-54.29633187794921
23713737.05661737,-437.5246871752007,23713737.05661737,-54.54658007899184
24406190.68042065,-437.7447596705524,24406190.68042065,-54.79676917866511
25118864.31509667,-437.9548167008329,25118864.31509667,-55.04689979735659
25852348.3956228,-438.1550225551663,25852348.3956228,-55.2969723639839
26607250.59798902,-438.3455342929693,26607250.59798902,-55.54698711733969
27384196.34264457,-438.5265018113086,27384196.34264457,-55.79694410684033
28183829.31264552,-438.6980679124049,28183829.31264552,-56.04684319267948
29006811.98693255,-438.8603683709614,29006811.98693255,-56.29668404538653
29853826.18918064,-439.0135320010392,29853826.18918064,-56.54646614478841
30725573.65267555,-439.1576807222294,30725573.65267555,-56.79618877837143
31622776.60168491,-439.2929296249076,31622776.60168491,-57.04585103903889
32546178.34980574,-439.4193870343841,32546178.34980574,-57.29545182225807
33496543.91578395,-439.5371545737927,33496543.91578395,-57.54498982258902
34474660.65731616,-439.6463272255893,34474660.65731616,-57.79446352958595
35481338.9233588,-439.7469933915563,35481338.9233588,-58.04387122306035
36517412.72548506,-439.8392349512359,36517412.72548506,-58.29321096769367
37583740.42884575,-439.9231273187397,37583740.42884575,-58.54248060698541
38681205.46330659,-439.9987394979034,38681205.46330659,-58.79167775652132
39810717.05535114,-440.066134135785,39810717.05535114,-59.04079979654471
40973210.98135561,-440.1253675745207,40973210.98135561,-59.28984386381217
42169650.34285973,-440.1764899015828,42169650.34285973,-59.53880684271355
43401026.36447594,-440.2195449985015,43401026.36447594,-59.78768535563466
44668359.21509791,-440.2545705881388,44668359.21509791,-60.03647575253957
45972698.85308887,-440.281598280626,45972698.85308887,-60.28517409974759
47315125.89614975,-440.3006536180993,47315125.89614975,-60.53377616787916
48696752.51658807,-440.3117561183923,48696752.51658807,-60.78227741894314
50118723.36272904,-440.3149193178719,50118723.36272904,-61.03067299253642
51582216.50723244,-440.3101508136264,51582216.50723244,-61.27895769112616
53088444.42310076,-440.2974523052456,53088444.42310076,-61.52712596438325
54638654.98818741,-440.2768196364593,54638654.98818741,-61.77517189253454
56234132.51903696,-440.2482428369288,56234132.51903696,-62.02308916870084
57876198.83491418,-440.2117061645208,57876198.83491418,-62.27087108018643
59566214.35290322,-440.1671881484226,59566214.35290322,-62.51851048868538
61305579.21498431,-440.1146616334934,61305579.21498431,-62.7659998093696
63095734.44802164,-440.0540938262829,63095734.44802164,-63.01333098882315
64938163.15762351,-439.9854463431855,64938163.15762351,-63.26049548178746
66834391.75686391,-439.9086752612411,66834391.75686391,-63.50748422668243
68785991.23088329,-439.8237311721333,68785991.23088329,-63.75428761986939
70794578.43841639,-439.7305592399838,70794578.43841639,-64.00089548862208
72861817.45132545,-439.6290992635856,72861817.45132545,-64.24729706277452
74989420.93324834,-439.5192857437704,74989420.93324834,-64.49348094501578
77179151.55850409,-439.4010479566566,77179151.55850409,-64.73943507980437
79432823.47243109,-439.2743100335776,79432823.47243109,-64.98514672087877
81752303.79436803,-439.1389910485497,81752303.79436803,-65.23060239734369
84139514.16452263,-438.9950051141957,84139514.16452263,-65.47578787831685
86596432.33600976,-438.8422614871037,86596432.33600976,-65.72068813612695
89125093.81337787,-438.6806646836628,89125093.81337787,-65.96528730805912
91727593.53898138,-438.5101146074845,91727593.53898138,-66.20956865665266
94406087.62859586,-438.3305066895822,94406087.62859586,-66.45351452856458
97162795.15771425,-438.1417320425536,97162795.15771425,-66.69710631202152
100000000.0000037,-437.9436776300746,100000000.0000037,-66.94032439289596
102920052.7194467,-437.7362264530843,102920052.7194467,-67.18314810945391
105925372.5177329,-437.5192577541079,105925372.5177329,-67.42555570583663
109018449.2385169,-437.2926472412291,109018449.2385169,-67.66752428435591
112201845.4302006,-437.0562673332867,112201845.4302006,-67.90902975669985
115478198.4689502,-436.8099874279301,115478198.4689502,-68.15004679416701
118850222.7437063,-436.5536741942213,118850222.7437063,-68.3905487770693
122320711.9049978,-436.2871918915177,122320711.9049978,-68.63050774346857
125892541.1794215,-436.0104027164089,125892541.1794215,-68.86989433743925
129568669.7517069,-435.7231671795062,129568669.7517069,-69.10867775707882
133352143.2163375,-435.4253445139005,133352143.2163375,-69.34682570252009
137246096.1007614,-435.1167931171004,137246096.1007614,-69.58430432423349
141253754.4622808,-434.7973710282439,141253754.4622808,-69.8210781719457
145378438.5607717,-434.4669364423368,145378438.5607717,-70.05711014453949
149623565.6094491,-434.1253482632043,149623565.6094491,-70.29236144134217
153992652.6059551,-433.7724666967493,153992652.6059551,-70.5267915152544
158489319.2461174,-433.4081538859859,158489319.2461174,-70.7603580282174
163117290.9227901,-433.0322745891555,163117290.9227901,-70.99301680956414
167880401.8122625,-432.6446969020315,167880401.8122625,-71.2247218178498
172782598.050793,-432.2452930252775,172782598.050793,-71.4554251068067
177827941.0038991,-431.8339400774276,177827941.0038991,-71.68507679611893
183020610.6311127,-431.4105209537175,183020610.6311127,-71.91362504776173
188364908.9489873,-430.9749252305981,188364908.9489873,-72.141016048699
193865263.5952282,-430.5270501152986,193865263.5952282,-72.36719400077733
199526231.4968957,-430.066801439301,199526231.4968957,-72.59210111869773
205352502.6457226,-429.5940946939934,205352502.6457226,-72.81567763698264
211348903.9836729,-429.1088561061339,211348903.9836729,-73.03786182688708
217520403.4019607,-428.6110237500448,217520403.4019607,-73.25859002422412
223872113.8568427,-428.1005486926847,223872113.8568427,-73.47779666908856
230409297.6055936,-427.5773961669167,230409297.6055936,-73.69541435846341
237137370.5661748,-427.0415467674094,237137370.5661748,-73.91137391268033
244061906.8042076,-426.4929976626714,244061906.8042076,-74.12560445667819
251188643.1509679,-425.9317638157593,251188643.1509679,-74.3380335169566
258523483.9562292,-425.357879205203,258523483.9562292,-74.54858713505736
266072505.9798914,-424.7713980366958,266072505.9798914,-74.75718999831845
273841963.4264469,-424.1723959351006,273841963.4264469,-74.96376558853744
281838293.1264565,-423.5609711053684,281838293.1264565,-75.16823634904597
290068119.8693268,-422.9372454500488,290068119.8693268,-75.3705238705389
298538261.8918078,-422.3013656302519,298538261.8918078,-75.57054909581768
307255736.5267569,-421.6535040561917,307255736.5267569,-75.76823254339749
316227766.0168505,-420.9938597928623,316227766.0168505,-75.96349454969385
325461783.4980589,-420.3226593659804,325461783.4980589,-76.15625552924821
334965439.157841,-419.640157453109,334965439.157841,-76.34643625217407
344746606.5731632,-418.9466374448921,344746606.5731632,-76.53395813771198
354813389.2335896,-418.2424118615946,354813389.2335896,-76.71874356247474
365174127.2548524,-417.5278226106963,365174127.2548524,-76.90071618165015
375837404.2884592,-416.8032410721329,375837404.2884592,-77.07980126111384
386812054.6330677,-416.0690679989519,386812054.6330677,-77.25592601809475
398107170.5535133,-415.3257332226277,398107170.5535133,-77.42901996774002
409732109.813558,-414.5736951541012,409732109.813558,-77.59901527265113
421696503.4285993,-413.8134400737161,421696503.4285993,-77.76584709221858
434010263.6447614,-413.0454812056342,434010263.6447614,-77.92945392837512
446683592.1509812,-412.2703575749739,446683592.1509812,-78.08977796422776
459726988.5308908,-411.4886326487912,459726988.5308908,-78.24676539192146
473151258.9614997,-410.7008927650589,473151258.9614997,-78.40036672604164
486967525.1658829,-409.9077453569423,486967525.1658829,-78.55053709888116
501187233.6272927,-409.1098169828382,501187233.6272927,-78.69723653398611
515822165.0723267,-408.3077511757766,515822165.0723267,-78.8404301945538
530884444.23101,-407.5022061287933,530884444.23101,-78.98008860348719
546386549.8818766,-406.6938522356988,546386549.8818766,-79.11618783220807
562341325.1903721,-405.8833695092083,562341325.1903721,-79.24870965569502
578761988.3491443,-405.0714449005966,578761988.3491443,-79.37764167163219
595662143.5290349,-404.258769546837,595662143.5290349,-79.50297738202495
613055792.1498458,-403.4460359725119,613055792.1498458,-79.62471623614586
630957344.4802191,-402.633935274629,630957344.4802191,-79.74286363421044
649381631.576238,-401.8231543187815,649381631.576238,-79.85743089173107
668343917.5686421,-401.0143729748853,668343917.5686421,-79.96843516504883
687859912.308836,-400.2082614199732,687859912.308836,-80.07589933908103
707945784.3841672,-399.4054775342904,707945784.3841672,-80.17985187883741
728618174.5132579,-398.6066644152171,728618174.5132579,-80.28032664673444
749894209.3324869,-397.8124480314215,749894209.3324869,-80.37736268816815
771791515.5850444,-397.0234350371584,771791515.5850444,-80.47100398817997
794328234.7243145,-396.2402107638632,794328234.7243145,-80.56129920236123
817523037.943684,-395.4633374032067,817523037.943684,-80.64830136538535
841395141.6452301,-394.6933523926643,841395141.6452301,-80.73206758072917
865964323.3601013,-393.9307670114819,865964323.3601013,-80.81265869524688
891250938.1337826,-393.1760651917695,891250938.1337826,-80.89013896229093
917275935.3898178,-392.4297025463923,917275935.3898178,-80.9645756970405
944060876.2859628,-391.6921056124178,944060876.2859628,-81.03603892760162
971627951.5771468,-390.963671306172,971627951.5771468,-81.10460104529255
1000000000,-390.2447665835043,1000000000,-81.17033645732857
